1	1	1	459
1	1	1	457
1	1	1	569
1	1	1	390
1	1	1	534
1	1	1	501
1	1	1	488
1	1	1	850
1	1	1	509
1	1	1	443
1	1	1	505
1	1	1	636
1	1	1	456
1	1	1	463
1	1	1	433
1	1	1	420
1	1	1	541
1	1	1	450
1	1	1	484
1	1	1	667
1	1	1	419
1	1	1	1211
1	1	1	399
1	1	1	495
1	1	1	338
1	1	1	378
1	1	1	268
1	1	1	369
1	1	1	336
1	1	1	358
1	1	1	385
1	2	1	649
1	2	1	448
1	2	1	415
1	2	1	433
1	2	1	576
1	2	1	575
1	2	1	582
1	2	1	576
1	2	1	491
1	2	1	511
1	2	1	357
1	2	1	476
1	2	1	575
1	2	1	1182
1	2	1	455
1	2	1	462
1	2	1	397
1	2	1	452
1	2	1	423
1	2	1	433
1	2	1	290
1	2	1	298
1	2	1	295
1	2	1	382
1	3	1	524
1	3	1	501
1	3	1	469
1	3	1	473
1	3	1	564
1	3	1	422
1	3	1	421
1	3	1	502
1	3	1	789
1	3	1	523
1	3	1	790
1	3	1	1245
1	3	1	540
1	3	1	536
1	3	1	527
1	3	1	444
1	3	1	551
1	3	1	389
1	3	1	674
1	3	1	465
1	3	1	517
1	3	1	458
1	3	1	385
1	3	1	566
1	3	1	468
1	3	1	520
1	3	1	429
1	3	1	408
1	3	1	392
1	3	1	393
1	3	1	343
1	3	1	463
1	3	1	330
1	3	1	324
1	3	1	332
1	3	1	304
1	4	1	507
1	4	1	630
1	4	1	506
1	4	1	423
1	4	1	636
1	4	1	541
1	4	1	456
1	4	1	569
1	4	1	483
1	4	1	546
1	4	1	407
1	4	1	561
1	4	1	734
1	4	1	444
1	4	1	525
1	4	1	584
1	4	1	538
1	4	1	488
1	4	1	468
1	4	1	419
1	4	1	519
1	4	1	442
1	4	1	506
1	4	1	427
1	4	1	490
1	4	1	609
1	4	1	419
1	4	1	404
1	4	1	565
1	4	1	583
1	4	1	1002
1	4	1	563
1	4	1	1013
1	4	1	395
1	4	1	882
1	4	1	354
1	4	1	387
1	4	1	387
1	4	1	324
1	4	1	408
1	4	1	472
1	4	1	452
1	4	1	316
1	4	1	479
1	4	1	320
1	4	1	417
1	4	1	302
1	4	1	350
1	4	1	434
1	5	1	502
1	5	1	499
1	5	1	516
1	5	1	510
1	5	1	535
1	5	1	514
1	5	1	449
1	5	1	541
1	5	1	524
1	5	1	470
1	5	1	882
1	5	1	510
1	5	1	536
1	5	1	524
1	5	1	524
1	5	1	501
1	5	1	543
1	5	1	686
1	5	1	585
1	5	1	408
1	5	1	409
1	5	1	467
1	5	1	444
1	5	1	512
1	5	1	732
1	5	1	422
1	5	1	675
1	5	1	488
1	5	1	586
1	5	1	452
1	5	1	386
1	5	1	455
1	5	1	474
1	5	1	417
1	5	1	552
1	5	1	450
1	5	1	402
1	5	1	436
1	5	1	338
1	5	1	626
1	5	1	375
1	5	1	1270
1	5	1	502
1	5	1	345
1	5	1	449
1	5	1	334
1	5	1	397
1	5	1	391
1	5	1	381
1	5	1	401
1	5	1	367
1	5	1	294
1	5	1	392
1	5	1	376
1	5	1	464
1	5	1	483
1	5	1	451
1	5	1	387
1	5	1	409
1	5	1	358
1	5	1	303
1	5	1	389
1	6	1	568
1	6	1	505
1	6	1	445
1	6	1	460
1	6	1	541
1	6	1	569
1	6	1	541
1	6	1	536
1	6	1	541
1	6	1	478
1	6	1	675
1	6	1	619
1	6	1	611
1	6	1	653
1	6	1	530
1	6	1	387
1	6	1	546
1	6	1	617
1	6	1	437
1	6	1	553
1	6	1	456
1	6	1	453
1	6	1	653
1	6	1	541
1	6	1	492
1	6	1	479
1	6	1	433
1	6	1	511
1	6	1	509
1	6	1	511
1	6	1	442
1	6	1	455
1	6	1	551
1	6	1	578
1	6	1	427
1	6	1	692
1	6	1	577
1	6	1	362
1	6	1	435
1	6	1	614
1	6	1	421
1	6	1	347
1	6	1	476
1	6	1	471
1	6	1	402
1	6	1	391
1	6	1	314
1	6	1	393
1	6	1	272
1	6	1	358
1	6	1	364
1	6	1	336
1	6	1	373
1	6	1	360
1	7	1	500
1	7	1	469
1	7	1	424
1	7	1	451
1	7	1	519
1	7	1	502
1	7	1	524
1	7	1	617
1	7	1	598
1	7	1	509
1	7	1	586
1	7	1	590
1	7	1	558
1	7	1	586
1	7	1	527
1	7	1	486
1	7	1	673
1	7	1	520
1	7	1	509
1	7	1	590
1	7	1	756
1	7	1	490
1	7	1	469
1	7	1	7971
1	7	1	538
1	7	1	464
1	7	1	543
1	7	1	622
1	7	1	594
1	7	1	525
1	7	1	458
1	7	1	607
1	7	1	419
1	7	1	435
1	7	1	401
1	7	1	550
1	7	1	550
1	7	1	452
1	7	1	502
1	7	1	467
1	7	1	644
1	7	1	538
1	7	1	474
1	7	1	473
1	7	1	441
1	7	1	398
1	7	1	398
1	7	1	394
1	7	1	444
1	7	1	500
1	7	1	377
1	7	1	653
1	7	1	509
1	7	1	608
1	7	1	426
1	7	1	1043
1	7	1	525
1	7	1	838
1	7	1	426
1	7	1	491
1	7	1	602
1	7	1	2168
1	7	1	488
1	7	1	455
1	7	1	412
1	7	1	512
1	7	1	500
1	7	1	487
1	7	1	404
1	7	1	351
1	7	1	495
1	7	1	421
1	7	1	479
1	7	1	399
1	7	1	430
1	7	1	362
1	7	1	378
1	7	1	356
1	7	1	445
1	7	1	394
1	7	1	331
1	7	1	318
1	7	1	365
1	7	1	336
1	7	1	396
1	7	1	336
1	7	1	309
1	7	1	331
1	7	1	356
1	7	1	386
1	7	1	467
1	7	1	475
1	7	1	327
1	7	1	431
1	7	1	354
1	8	1	530
1	8	1	589
1	8	1	669
1	8	1	600
1	8	1	401
1	8	1	543
1	8	1	501
1	8	1	419
1	8	1	452
1	8	1	545
1	8	1	567
1	8	1	533
1	8	1	498
1	8	1	607
1	8	1	549
1	8	1	436
1	8	1	814
1	8	1	545
1	8	1	537
1	8	1	749
1	8	1	443
1	8	1	487
1	8	1	516
1	8	1	458
1	8	1	525
1	8	1	606
1	8	1	734
1	8	1	499
1	8	1	486
1	8	1	837
1	8	1	463
1	8	1	535
1	8	1	487
1	8	1	874
1	8	1	537
1	8	1	521
1	8	1	535
1	8	1	568
1	8	1	525
1	8	1	659
1	8	1	456
1	8	1	433
1	8	1	468
1	8	1	517
1	8	1	589
1	8	1	359
1	8	1	568
1	8	1	716
1	8	1	393
1	8	1	457
1	8	1	460
1	8	1	428
1	8	1	701
1	8	1	1062
1	8	1	486
1	8	1	634
1	8	1	403
1	8	1	469
1	8	1	508
1	8	1	379
1	8	1	421
1	8	1	397
1	8	1	328
1	8	1	446
1	8	1	501
1	8	1	594
1	8	1	349
1	8	1	460
1	8	1	589
1	8	1	328
1	8	1	428
1	8	1	336
1	8	1	618
1	8	1	353
1	8	1	496
1	8	1	381
1	8	1	393
1	8	1	459
1	8	1	402
1	8	1	400
1	8	1	487
1	8	1	412
1	8	1	372
1	8	1	420
1	8	1	1058
1	8	1	401
1	8	1	314
1	8	1	350
1	8	1	331
1	8	1	392
1	8	1	346
1	8	1	335
1	8	1	267
1	8	1	435
1	8	1	363
1	8	1	359
1	8	1	524
1	8	1	346
1	8	1	364
1	8	1	325
1	8	1	306
1	9	1	522
1	9	1	437
1	9	1	477
1	9	1	490
1	9	1	461
1	9	1	491
1	9	1	456
1	9	1	486
1	9	1	375
1	9	1	388
1	9	1	543
1	9	1	540
1	9	1	509
1	9	1	537
1	9	1	608
1	9	1	461
1	9	1	518
1	9	1	589
1	9	1	491
1	9	1	484
1	9	1	451
1	9	1	625
1	9	1	702
1	9	1	700
1	9	1	824
1	9	1	574
1	9	1	591
1	9	1	461
1	9	1	444
1	9	1	420
1	9	1	656
1	9	2	1069
1	9	1	601
1	9	1	592
1	9	1	476
1	9	1	782
1	9	1	853
1	9	1	542
1	9	1	500
1	9	1	479
1	9	1	468
1	9	1	477
1	9	1	412
1	9	1	425
1	9	1	394
1	9	1	535
1	9	1	691
1	9	1	511
1	9	1	575
1	9	1	429
1	9	1	760
1	9	1	410
1	9	1	436
1	9	1	568
1	9	1	516
1	9	1	489
1	9	1	449
1	9	1	572
1	9	1	521
1	9	1	699
1	9	1	386
1	9	1	735
1	9	1	533
1	9	1	502
1	9	1	459
1	9	1	461
1	9	1	2005
1	9	1	480
1	9	1	1381
1	9	1	440
1	9	1	465
1	9	1	405
1	9	1	562
1	9	1	463
1	9	1	381
1	9	1	365
1	9	1	397
1	9	1	399
1	9	1	409
1	9	1	376
1	9	1	420
1	9	1	324
1	9	1	334
1	9	1	595
1	9	1	518
1	9	1	388
1	9	1	389
1	9	1	460
1	9	1	417
1	9	1	325
1	9	1	380
1	9	1	314
1	9	2	321
1	9	1	454
1	9	1	640
1	9	1	410
1	9	1	421
1	9	1	383
1	9	1	359
1	9	1	465
1	9	1	311
1	9	1	269
1	9	1	385
1	9	1	381
1	9	1	444
1	9	1	496
1	9	1	378
1	9	1	332
1	9	1	337
1	9	1	339
1	9	1	367
1	9	1	323
1	9	1	307
1	9	1	378
1	10	1	588
1	10	1	862
1	10	1	540
1	10	1	477
1	10	1	520
1	10	1	601
1	10	1	576
1	10	1	440
1	10	1	503
1	10	1	423
1	10	1	1003
1	10	1	533
1	10	1	557
1	10	1	503
1	10	1	408
1	10	1	473
1	10	1	500
1	10	1	441
1	10	1	524
1	10	1	484
1	10	1	468
1	10	1	566
1	10	1	485
1	10	1	499
1	10	1	541
1	10	1	540
1	10	1	636
1	10	1	1100
1	10	1	504
1	10	1	617
1	10	1	720
1	10	1	537
1	10	1	881
1	10	1	543
1	10	1	645
1	10	1	709
1	10	1	956
1	10	1	2813
1	10	1	694
1	10	1	478
1	10	1	541
1	10	1	615
1	10	1	774
1	10	1	471
1	10	2	746
1	10	1	508
1	10	1	475
1	10	1	437
1	10	1	452
1	10	1	531
1	10	1	533
1	10	1	1634
1	10	1	598
1	10	1	655
1	10	1	504
1	10	1	509
1	10	1	519
1	10	1	560
1	10	1	572
1	10	1	603
1	10	1	667
1	10	1	752
1	10	1	522
1	10	1	556
1	10	1	644
1	10	1	596
1	10	1	606
1	10	1	520
1	10	1	471
1	10	1	499
1	10	1	405
1	10	1	434
1	10	1	818
1	10	1	841
1	10	1	525
1	10	1	957
1	10	1	475
1	10	1	468
1	10	1	600
1	10	1	751
1	10	1	451
1	10	1	389
1	10	1	553
1	10	1	473
1	10	1	535
1	10	1	3345
1	10	1	773
1	10	1	521
1	10	1	494
1	10	1	2888
1	10	1	649
1	10	1	511
1	10	1	344
1	10	1	327
1	10	1	401
1	10	1	410
1	10	1	375
1	10	1	767
1	10	1	445
1	10	1	616
1	10	1	407
1	10	1	375
1	10	1	386
1	10	1	502
1	10	1	538
1	10	1	427
1	10	1	497
1	10	1	347
1	10	1	543
1	10	1	496
1	10	1	359
1	10	1	491
1	10	1	381
1	10	1	393
1	10	1	519
1	10	1	453
1	10	1	372
1	10	1	365
1	10	1	378
1	10	1	388
1	10	1	371
1	10	1	487
1	10	1	377
1	10	1	371
1	10	1	613
1	10	1	455
1	10	1	414
1	10	1	485
1	10	1	469
1	10	1	404
1	10	1	759
1	10	1	355
1	10	1	375
1	10	1	377
1	10	1	389
1	10	1	372
1	10	1	328
1	10	1	388
1	10	1	351
1	10	1	525
1	10	1	353
1	10	1	359
1	10	1	333
1	10	1	362
1	10	1	385
1	10	1	334
1	10	1	400
1	10	1	330
1	10	1	363
1	10	1	361
1	10	1	309
1	10	1	328
1	10	1	332
1	10	1	348
1	10	1	374
1	10	1	299
1	10	1	351
1	10	1	318
1	11	1	518
1	11	1	588
1	11	1	567
1	11	1	489
1	11	1	556
1	11	1	434
1	11	1	524
1	11	1	467
1	11	1	518
1	11	1	378
1	11	1	519
1	11	1	375
1	11	1	456
1	11	1	635
1	11	1	422
1	11	1	531
1	11	1	541
1	11	1	516
1	11	1	574
1	11	1	634
1	11	1	735
1	11	1	1555
1	11	1	525
1	11	2	1377
1	11	1	609
1	11	1	818
1	11	1	639
1	11	1	656
1	11	1	519
1	11	1	607
1	11	1	555
1	11	1	686
1	11	1	775
1	11	1	1076
1	11	1	558
1	11	1	649
1	11	1	511
1	11	1	524
1	11	1	690
1	11	1	619
1	11	1	575
1	11	1	1030
1	11	1	739
1	11	1	559
1	11	1	633
1	11	1	852
1	11	1	504
1	11	1	603
1	11	1	587
1	11	1	643
1	11	1	867
1	11	1	474
1	11	1	796
1	11	1	1356
1	11	1	569
1	11	1	607
1	11	1	826
1	11	1	508
1	11	1	475
1	11	1	591
1	11	1	522
1	11	1	542
1	11	1	543
1	11	1	500
1	11	1	511
1	11	1	552
1	11	1	459
1	11	1	476
1	11	2	1269
1	11	1	480
1	11	1	560
1	11	1	423
1	11	1	444
1	11	1	457
1	11	1	477
1	11	1	703
1	11	1	502
1	11	1	545
1	11	1	578
1	11	1	472
1	11	1	972
1	11	1	2011
1	11	1	535
1	11	1	616
1	11	1	394
1	11	1	477
1	11	1	486
1	11	1	424
1	11	1	478
1	11	1	451
1	11	1	506
1	11	1	465
1	11	1	360
1	11	1	506
1	11	1	515
1	11	1	625
1	11	1	453
1	11	1	2626
1	11	1	797
1	11	1	520
1	11	1	442
1	11	1	397
1	11	1	532
1	11	1	536
1	11	1	470
1	11	1	738
1	11	1	347
1	11	1	347
1	11	1	485
1	11	1	590
1	11	1	716
1	11	1	418
1	11	1	394
1	11	1	552
1	11	1	403
1	11	1	414
1	11	1	439
1	11	1	404
1	11	1	489
1	11	1	435
1	11	1	300
1	11	1	311
1	11	1	333
1	11	1	466
1	11	1	418
1	11	1	470
1	11	1	460
1	11	1	459
1	11	1	437
1	11	1	436
1	11	1	574
1	11	1	457
1	11	1	529
1	11	1	347
1	11	1	470
1	11	1	453
1	11	1	508
1	11	1	325
1	11	1	300
1	11	1	417
1	11	1	658
1	11	1	623
1	11	1	472
1	11	1	349
1	11	1	463
1	11	1	366
1	11	1	376
1	11	1	370
1	11	1	340
1	11	1	307
1	11	1	375
1	11	1	430
1	11	1	426
1	11	1	392
1	11	1	341
1	11	1	295
1	11	1	365
1	11	1	414
1	11	1	421
1	11	1	313
1	11	1	349
1	11	1	360
1	11	1	320
1	11	1	324
1	11	1	372
1	11	1	297
1	11	1	448
1	11	1	411
1	12	1	506
1	12	1	857
1	12	1	528
1	12	1	507
1	12	1	614
1	12	1	633
1	12	1	542
1	12	1	553
1	12	1	503
1	12	1	511
1	12	1	577
1	12	1	460
1	12	1	467
1	12	1	540
1	12	1	655
1	12	1	590
1	12	1	744
1	12	1	618
1	12	1	572
1	12	1	1287
1	12	1	566
1	12	1	3536
1	12	1	493
1	12	1	713
1	12	1	879
1	12	1	703
1	12	1	619
1	12	1	610
1	12	1	715
1	12	1	890
1	12	1	603
1	12	1	553
1	12	1	643
1	12	1	757
1	12	1	685
1	12	1	504
1	12	1	650
1	12	1	552
1	12	1	736
1	12	1	3628
1	12	1	624
1	12	1	487
1	12	1	643
1	12	1	524
1	12	1	684
1	12	2	717
1	12	1	1421
1	12	1	1554
1	12	1	839
1	12	1	529
1	12	1	2414
1	12	1	527
1	12	1	802
1	12	1	652
1	12	1	559
1	12	1	1429
1	12	1	450
1	12	1	675
1	12	1	560
1	12	1	573
1	12	1	480
1	12	1	526
1	12	1	671
1	12	1	491
1	12	1	475
1	12	1	570
1	12	1	825
1	12	1	525
1	12	1	2418
1	12	1	658
1	12	1	527
1	12	1	1018
1	12	1	592
1	12	1	957
1	12	1	506
1	12	1	587
1	12	1	705
1	12	1	545
1	12	1	494
1	12	1	554
1	12	1	553
1	12	1	1886
1	12	1	1491
1	12	1	454
1	12	1	405
1	12	1	400
1	12	2	389
1	12	1	542
1	12	1	1536
1	12	1	385
1	12	1	509
1	12	1	1123
1	12	1	800
1	12	1	692
1	12	1	544
1	12	1	950
1	12	1	453
1	12	1	2841
1	12	1	519
1	12	1	578
1	12	1	424
1	12	1	361
1	12	1	556
1	12	1	426
1	12	1	575
1	12	1	1015
1	12	1	536
1	12	1	675
1	12	1	4971
1	12	1	1302
1	12	1	1519
1	12	1	549
1	12	1	6658
1	12	1	4190
1	12	1	739
1	12	1	1043
1	12	1	526
1	12	1	486
1	12	1	337
1	12	1	493
1	12	1	1612
1	12	1	400
1	12	1	369
1	12	1	2749
1	12	1	383
1	12	1	528
1	12	1	641
1	12	1	641
1	12	1	667
1	12	1	472
1	12	1	514
1	12	1	455
1	12	1	482
1	12	1	2172
1	12	1	401
1	12	1	433
1	12	1	556
1	12	1	410
1	12	1	470
1	12	1	423
1	12	1	565
1	12	1	558
1	12	1	442
1	12	1	587
1	12	1	355
1	12	1	414
1	12	1	498
1	12	1	411
1	12	1	382
1	12	1	300
1	12	1	802
1	12	1	545
1	12	1	404
1	12	1	341
1	12	1	399
1	12	1	328
1	12	1	451
1	12	1	500
1	12	1	438
1	12	1	359
1	12	1	532
1	12	1	524
1	12	1	642
1	12	1	546
1	12	1	331
1	12	1	408
1	12	1	492
1	12	1	293
1	12	1	393
1	12	1	366
1	12	1	377
1	12	1	351
1	12	1	408
1	12	1	414
1	12	1	357
1	12	1	512
1	12	1	416
1	12	1	382
1	13	1	617
1	13	1	634
1	13	1	556
1	13	1	452
1	13	1	1693
1	13	1	779
1	13	1	619
1	13	2	518
1	13	1	899
1	13	1	556
1	13	1	451
1	13	1	801
1	13	1	635
1	13	1	652
1	13	1	621
1	13	1	601
1	13	1	807
1	13	1	767
1	13	1	990
1	13	1	633
1	13	1	652
1	13	1	908
1	13	1	1038
1	13	1	656
1	13	1	1079
1	13	2	7251
1	13	1	767
1	13	1	915
1	13	1	657
1	13	1	718
1	13	1	608
1	13	1	608
1	13	1	651
1	13	2	998
1	13	1	791
1	13	1	1399
1	13	1	777
1	13	2	2842
1	13	1	727
1	13	1	4413
1	13	2	869
1	13	1	1388
1	13	1	625
1	13	1	524
1	13	1	948
1	13	1	482
1	13	1	755
1	13	1	741
1	13	1	535
1	13	1	568
1	13	1	881
1	13	1	501
1	13	2	1467
1	13	1	3895
1	13	1	5220
1	13	1	952
1	13	1	527
1	13	1	667
1	13	2	552
1	13	1	5605
1	13	1	633
1	13	1	577
1	13	1	609
1	13	1	557
1	13	1	494
1	13	1	418
1	13	1	1033
1	13	2	2723
1	13	1	692
1	13	1	486
1	13	1	583
1	13	1	617
1	13	1	599
1	13	1	410
1	13	1	1596
1	13	2	2971
1	13	2	2861
1	13	1	811
1	13	1	923
1	13	1	661
1	13	1	786
1	13	1	445
1	13	1	675
1	13	1	505
1	13	1	2781
1	13	1	4914
1	13	1	476
1	13	1	538
1	13	1	493
1	13	1	603
1	13	1	2645
1	13	1	489
1	13	1	470
1	13	1	895
1	13	1	2146
1	13	1	958
1	13	1	630
1	13	1	2529
1	13	1	2276
1	13	1	389
1	13	1	1136
1	13	1	613
1	13	1	578
1	13	1	621
1	13	1	479
1	13	1	349
1	13	2	2815
1	13	1	725
1	13	1	463
1	13	1	423
1	13	1	336
1	13	1	449
1	13	1	347
1	13	1	662
1	13	1	552
1	13	1	436
1	13	1	789
1	13	1	491
1	13	1	472
1	13	1	384
1	13	1	347
1	13	1	459
1	13	1	434
1	13	1	646
1	13	1	414
1	13	1	469
1	13	1	423
1	13	1	526
1	13	1	579
1	13	1	544
1	13	1	475
1	13	1	467
1	13	2	355
1	13	2	695
1	13	1	492
1	13	1	1001
1	13	1	468
1	13	1	507
1	13	1	432
1	13	1	569
1	13	1	432
1	13	1	338
1	13	1	333
1	13	2	2063
1	13	1	832
1	13	1	435
1	13	1	324
1	13	1	389
1	13	1	463
1	13	1	330
1	13	1	439
1	13	1	363
1	13	1	367
1	13	1	416
1	13	1	501
1	13	1	696
1	13	1	416
1	13	1	430
1	13	1	290
1	13	1	502
1	13	1	357
1	13	1	373
1	13	1	629
1	13	1	522
1	13	1	368
1	13	1	354
1	13	1	382
1	13	1	529
1	13	1	434
1	13	1	431
1	13	1	436
1	14	1	933
1	14	1	476
1	14	1	538
1	14	1	1293
1	14	1	626
1	14	1	573
1	14	1	793
1	14	1	891
1	14	1	538
1	14	1	662
1	14	1	833
1	14	1	491
1	14	1	490
1	14	1	474
1	14	1	752
1	14	1	391
1	14	1	486
1	14	1	523
1	14	1	668
1	14	1	830
1	14	1	2664
1	14	1	809
1	14	1	684
1	14	1	1050
1	14	1	955
1	14	1	563
1	14	1	4986
1	14	1	704
1	14	1	556
1	14	1	968
1	14	1	583
1	14	1	634
1	14	1	1144
1	14	1	836
1	14	1	766
1	14	1	1047
1	14	1	901
1	14	1	785
1	14	2	4974
1	14	2	570
1	14	1	592
1	14	2	1597
1	14	1	2765
1	14	2	2742
1	14	1	544
1	14	2	951
1	14	1	784
1	14	2	1287
1	14	1	2018
1	14	1	701
1	14	1	819
1	14	1	1070
1	14	1	554
1	14	1	2203
1	14	1	1387
1	14	1	647
1	14	1	922
1	14	1	909
1	14	1	735
1	14	1	629
1	14	1	2981
1	14	1	517
1	14	1	841
1	14	1	576
1	14	1	2723
1	14	1	608
1	14	1	577
1	14	1	541
1	14	1	741
1	14	2	756
1	14	2	7693
1	14	1	679
1	14	1	660
1	14	2	4977
1	14	2	587
1	14	1	1475
1	14	1	3665
1	14	2	662
1	14	1	1102
1	14	1	550
1	14	2	5368
1	14	1	4097
1	14	1	1216
1	14	1	493
1	14	1	529
1	14	1	627
1	14	1	1651
1	14	1	384
1	14	1	632
1	14	1	822
1	14	1	639
1	14	2	804
1	14	2	1283
1	14	1	757
1	14	1	452
1	14	1	385
1	14	2	2248
1	14	2	803
1	14	1	519
1	14	1	2503
1	14	2	1988
1	14	1	589
1	14	2	903
1	14	1	860
1	14	1	642
1	14	1	438
1	14	1	909
1	14	1	2764
1	14	1	987
1	14	1	646
1	14	2	895
1	14	2	599
1	14	2	4174
1	14	2	886
1	14	2	372
1	14	1	435
1	14	1	1805
1	14	1	851
1	14	1	539
1	14	1	657
1	14	1	425
1	14	1	805
1	14	1	948
1	14	2	1112
1	14	1	567
1	14	1	638
1	14	1	933
1	14	2	2195
1	14	1	359
1	14	1	485
1	14	1	2865
1	14	1	714
1	14	1	750
1	14	1	677
1	14	1	564
1	14	1	1887
1	14	1	910
1	14	1	495
1	14	1	709
1	14	1	676
1	14	1	1625
1	14	1	382
1	14	1	597
1	14	1	793
1	14	1	553
1	14	1	452
1	14	1	409
1	14	1	576
1	14	1	436
1	14	1	419
1	14	1	459
1	14	1	300
1	14	1	292
1	14	1	1265
1	14	1	976
1	14	1	453
1	14	1	426
1	14	1	493
1	14	1	785
1	14	1	650
1	14	1	1271
1	14	1	462
1	14	1	2513
1	14	1	1002
1	14	1	611
1	14	1	363
1	14	1	513
1	14	1	422
1	14	1	564
1	14	1	385
1	14	1	364
1	14	1	2347
1	14	1	910
1	14	1	2548
1	14	2	754
1	14	1	745
1	14	1	557
1	14	1	379
1	14	1	468
1	14	1	425
1	14	1	325
1	14	1	448
1	14	1	458
1	14	1	399
1	14	1	353
1	14	1	540
1	14	1	423
1	14	1	308
1	14	1	329
1	14	1	505
1	14	1	393
1	14	1	584
1	14	2	312
1	14	1	341
1	14	1	657
1	14	1	422
1	14	2	339
1	14	1	445
1	14	1	407
1	14	1	457
1	14	1	270
1	14	1	364
1	14	1	415
1	14	1	477
1	14	1	443
1	14	1	600
1	14	1	389
1	15	1	759
1	15	1	633
1	15	1	701
1	15	1	560
1	15	2	941
1	15	1	870
1	15	1	573
1	15	1	766
1	15	1	453
1	15	2	734
1	15	1	593
1	15	1	717
1	15	1	788
1	15	2	608
1	15	1	602
1	15	2	568
1	15	1	771
1	15	1	529
1	15	2	561
1	15	1	638
1	15	1	1203
1	15	1	545
1	15	1	526
1	15	1	566
1	15	1	491
1	15	1	485
1	15	1	749
1	15	1	567
1	15	2	628
1	15	1	1071
1	15	1	2327
1	15	1	807
1	15	1	686
1	15	2	1179
1	15	1	826
1	15	1	824
1	15	1	1781
1	15	2	649
1	15	1	1464
1	15	1	687
1	15	1	906
1	15	1	525
1	15	1	1302
1	15	1	4656
1	15	1	1347
1	15	1	883
1	15	1	575
1	15	1	659
1	15	1	608
1	15	1	952
1	15	1	1365
1	15	1	670
1	15	2	1382
1	15	1	1736
1	15	2	1159
1	15	1	623
1	15	1	1319
1	15	1	1930
1	15	1	2660
1	15	1	1073
1	15	2	3768
1	15	2	3396
1	15	2	11098
1	15	1	4052
1	15	1	1637
1	15	1	668
1	15	1	691
1	15	1	676
1	15	1	1404
1	15	1	920
1	15	1	564
1	15	2	924
1	15	1	977
1	15	2	583
1	15	2	1186
1	15	1	7883
1	15	2	1776
1	15	2	4480
1	15	1	6931
1	15	1	543
1	15	2	1244
1	15	2	763
1	15	1	1159
1	15	1	5148
1	15	1	3583
1	15	2	1964
1	15	2	702
1	15	1	668
1	15	1	868
1	15	1	841
1	15	1	411
1	15	1	858
1	15	2	2085
1	15	2	3747
1	15	1	802
1	15	2	2150
1	15	1	520
1	15	2	648
1	15	1	624
1	15	2	614
1	15	1	1129
1	15	1	4316
1	15	1	743
1	15	2	522
1	15	1	493
1	15	2	828
1	15	2	1688
1	15	1	700
1	15	1	875
1	15	1	586
1	15	1	424
1	15	1	562
1	15	2	733
1	15	1	529
1	15	2	1071
1	15	1	505
1	15	1	340
1	15	2	1076
1	15	2	516
1	15	2	1131
1	15	2	1001
1	15	1	545
1	15	2	796
1	15	1	531
1	15	1	519
1	15	1	813
1	15	1	602
1	15	1	730
1	15	2	539
1	15	1	306
1	15	1	1548
1	15	1	1485
1	15	1	2949
1	15	1	432
1	15	1	713
1	15	1	693
1	15	1	575
1	15	1	626
1	15	1	556
1	15	1	1110
1	15	1	385
1	15	1	1707
1	15	1	666
1	15	1	592
1	15	1	568
1	15	1	432
1	15	1	507
1	15	1	852
1	15	1	456
1	15	1	674
1	15	1	550
1	15	1	524
1	15	1	515
1	15	1	808
1	15	1	1210
1	15	2	1019
1	15	1	830
1	15	1	2525
1	15	1	452
1	15	1	437
1	15	1	537
1	15	1	402
1	15	1	723
1	15	1	625
1	15	1	536
1	15	1	1200
1	15	1	1398
1	15	2	685
1	15	1	870
1	15	1	678
1	15	1	485
1	15	1	846
1	15	1	602
1	15	1	552
1	15	1	1079
1	15	1	558
1	15	1	1498
1	15	1	670
1	15	1	1092
1	15	1	357
1	15	1	529
1	15	1	775
1	15	1	5283
1	15	1	655
1	15	1	1153
1	15	1	454
1	15	1	385
1	15	1	309
1	15	1	485
1	15	1	467
1	15	1	490
1	15	1	425
1	15	1	353
1	15	1	253
1	15	2	269
1	15	1	384
1	15	1	341
1	15	1	557
1	15	1	631
1	15	2	384
1	15	2	324
1	15	1	486
1	15	1	371
1	15	2	301
1	15	1	382
1	15	1	370
1	15	1	299
1	15	1	394
1	15	1	427
1	15	1	495
1	15	1	466
1	15	1	518
1	15	2	327
1	15	1	597
1	16	1	832
1	16	1	704
1	16	1	639
1	16	1	701
1	16	2	632
1	16	1	749
1	16	2	679
1	16	1	615
1	16	1	538
1	16	1	796
1	16	1	540
1	16	1	635
1	16	1	424
1	16	1	473
1	16	2	572
1	16	1	540
1	16	1	699
1	16	1	1272
1	16	1	585
1	16	2	646
1	16	1	519
1	16	1	622
1	16	2	1068
1	16	1	1009
1	16	1	590
1	16	1	2440
1	16	2	1328
1	16	2	815
1	16	1	653
1	16	2	2072
1	16	1	599
1	16	1	654
1	16	1	673
1	16	1	760
1	16	2	2590
1	16	2	1070
1	16	1	1267
1	16	1	1597
1	16	1	1060
1	16	1	594
1	16	1	1436
1	16	1	736
1	16	2	1076
1	16	2	664
1	16	2	996
1	16	1	627
1	16	1	2060
1	16	1	2608
1	16	1	641
1	16	2	2625
1	16	1	1644
1	16	1	1304
1	16	1	790
1	16	2	5121
1	16	2	754
1	16	1	1167
1	16	1	1078
1	16	1	4896
1	16	1	1728
1	16	2	530
1	16	1	5999
1	16	1	658
1	16	1	2813
1	16	2	7650
1	16	2	624
1	16	2	820
1	16	2	854
1	16	1	2593
1	16	2	865
1	16	1	809
1	16	2	835
1	16	1	3372
1	16	2	889
1	16	2	3155
1	16	2	805
1	16	2	750
1	16	1	700
1	16	2	2047
1	16	2	1031
1	16	1	895
1	16	2	483
1	16	2	549
1	16	1	884
1	16	1	834
1	16	1	590
1	16	1	792
1	16	1	1031
1	16	1	701
1	16	2	1154
1	16	1	734
1	16	1	4079
1	16	1	1581
1	16	2	503
1	16	1	586
1	16	1	547
1	16	1	975
1	16	2	547
1	16	1	559
1	16	2	2426
1	16	2	3055
1	16	2	753
1	16	1	779
1	16	2	3061
1	16	1	2825
1	16	1	1003
1	16	2	965
1	16	1	830
1	16	1	870
1	16	1	389
1	16	2	1447
1	16	2	487
1	16	2	871
1	16	2	439
1	16	2	421
1	16	2	438
1	16	2	719
1	16	1	1385
1	16	2	6065
1	16	2	2767
1	16	1	545
1	16	2	836
1	16	2	2791
1	16	2	4943
1	16	1	2022
1	16	2	1434
1	16	2	1082
1	16	1	548
1	16	2	1988
1	16	1	788
1	16	2	572
1	16	1	2510
1	16	2	828
1	16	1	2308
1	16	1	887
1	16	1	540
1	16	1	543
1	16	1	473
1	16	1	538
1	16	2	2897
1	16	1	626
1	16	1	482
1	16	2	2296
1	16	1	708
1	16	1	9088
1	16	2	356
1	16	2	373
1	16	2	1204
1	16	1	1150
1	16	1	556
1	16	1	967
1	16	1	675
1	16	1	553
1	16	2	363
1	16	2	539
1	16	1	479
1	16	2	449
1	16	1	492
1	16	1	583
1	16	2	549
1	16	2	2142
1	16	2	2489
1	16	1	3030
1	16	1	541
1	16	1	537
1	16	1	493
1	16	1	1149
1	16	2	708
1	16	1	951
1	16	1	353
1	16	2	1035
1	16	1	745
1	16	1	519
1	16	1	442
1	16	1	1022
1	16	1	429
1	16	1	326
1	16	2	491
1	16	1	348
1	16	1	624
1	16	1	450
1	16	2	457
1	16	2	313
1	16	1	1045
1	16	1	488
1	16	1	2528
1	16	2	359
1	16	1	930
1	16	1	826
1	16	2	438
1	16	1	936
1	16	1	548
1	16	2	369
1	16	1	628
1	16	1	515
1	16	1	336
1	16	1	933
1	16	1	1428
1	16	1	442
1	16	2	354
1	16	2	516
1	16	1	511
1	16	2	372
1	16	1	531
1	16	1	458
1	16	1	530
1	16	2	471
1	16	1	277
1	16	1	551
1	16	1	682
1	16	1	480
1	16	1	436
1	16	1	339
1	17	1	945
1	17	1	653
1	17	1	599
1	17	2	480
1	17	1	818
1	17	1	647
1	17	1	872
1	17	1	540
1	17	1	656
1	17	1	1340
1	17	1	816
1	17	1	570
1	17	2	699
1	17	2	430
1	17	2	481
1	17	2	2047
1	17	1	555
1	17	2	531
1	17	1	417
1	17	1	598
1	17	1	541
1	17	2	596
1	17	1	4401
1	17	1	1070
1	17	1	1735
1	17	1	1501
1	17	2	1883
1	17	2	2387
1	17	2	1512
1	17	2	1461
1	17	2	1161
1	17	1	652
1	17	2	1327
1	17	2	1308
1	17	2	1479
1	17	1	1215
1	17	2	3451
1	17	2	1973
1	17	2	1424
1	17	2	2237
1	17	2	1859
1	17	1	641
1	17	1	1016
1	17	1	601
1	17	2	830
1	17	2	735
1	17	1	4081
1	17	1	5085
1	17	1	941
1	17	2	972
1	17	2	540
1	17	2	465
1	17	2	1002
1	17	2	1030
1	17	1	1588
1	17	2	2486
1	17	1	2508
1	17	2	852
1	17	1	748
1	17	2	829
1	17	2	561
1	17	2	980
1	17	1	735
1	17	2	903
1	17	1	936
1	17	1	1634
1	17	1	965
1	17	1	782
1	17	2	719
1	17	1	487
1	17	1	1305
1	17	2	2657
1	17	1	658
1	17	2	631
1	17	1	1123
1	17	2	589
1	17	2	538
1	17	2	819
1	17	2	593
1	17	1	984
1	17	2	802
1	17	1	962
1	17	2	458
1	17	1	961
1	17	2	935
1	17	2	568
1	17	2	487
1	17	1	1239
1	17	2	695
1	17	1	709
1	17	1	1522
1	17	1	1150
1	17	2	844
1	17	2	575
1	17	2	437
1	17	2	1765
1	17	2	1209
1	17	2	552
1	17	2	404
1	17	2	822
1	17	2	520
1	17	1	1034
1	17	1	1306
1	17	2	1045
1	17	1	584
1	17	2	508
1	17	2	717
1	17	2	986
1	17	1	503
1	17	2	679
1	17	2	1076
1	17	2	1134
1	17	2	408
1	17	1	572
1	17	2	988
1	17	1	875
1	17	1	875
1	17	2	716
1	17	2	451
1	17	2	570
1	17	2	4980
1	17	2	422
1	17	2	486
1	17	2	900
1	17	1	1751
1	17	2	2480
1	17	2	871
1	17	2	778
1	17	2	568
1	17	2	521
1	17	2	6476
1	17	1	2744
1	17	1	499
1	17	1	690
1	17	1	846
1	17	1	660
1	17	2	315
1	17	2	2954
1	17	2	798
1	17	2	608
1	17	2	2249
1	17	2	3213
1	17	1	1676
1	17	2	529
1	17	2	344
1	17	1	738
1	17	2	2584
1	17	2	631
1	17	1	720
1	17	1	434
1	17	1	536
1	17	2	444
1	17	1	486
1	17	1	2950
1	17	2	691
1	17	1	876
1	17	2	2167
1	17	2	498
1	17	2	2070
1	17	1	675
1	17	2	633
1	17	2	359
1	17	2	598
1	17	2	508
1	17	2	392
1	17	2	431
1	17	2	872
1	17	1	511
1	17	2	1003
1	17	2	388
1	17	1	1066
1	17	1	741
1	17	1	371
1	17	2	1021
1	17	2	778
1	17	2	580
1	17	2	6674
1	17	2	1116
1	17	1	714
1	17	2	477
1	17	2	929
1	17	2	358
1	17	1	772
1	17	2	2608
1	17	2	631
1	17	2	774
1	17	2	815
1	17	1	825
1	17	1	2010
1	17	1	563
1	17	1	564
1	17	2	784
1	17	2	603
1	17	2	576
1	17	1	674
1	17	1	830
1	17	1	548
1	17	1	2552
1	17	2	816
1	17	2	461
1	17	2	406
1	17	1	2720
1	17	1	417
1	17	1	1346
1	17	1	503
1	17	1	434
1	17	1	1094
1	17	1	392
1	17	1	777
1	17	2	400
1	17	1	578
1	17	1	726
1	17	1	385
1	17	1	549
1	17	2	459
1	17	2	385
1	17	2	770
1	17	1	828
1	17	1	614
1	17	1	578
1	17	2	315
1	17	1	1503
1	17	1	1168
1	17	2	319
1	17	2	479
1	17	1	985
1	17	2	385
1	17	2	404
1	17	2	334
1	17	2	465
1	17	1	556
1	17	1	534
1	17	1	540
1	17	2	607
1	17	1	436
1	17	1	387
1	17	1	702
1	17	1	505
1	18	2	651
1	18	2	1008
1	18	2	495
1	18	2	522
1	18	2	516
1	18	2	559
1	18	2	518
1	18	1	822
1	18	1	485
1	18	2	488
1	18	1	445
1	18	1	1920
1	18	2	580
1	18	2	487
1	18	2	545
1	18	2	484
1	18	2	712
1	18	2	552
1	18	1	673
1	18	2	1029
1	18	2	979
1	18	2	1184
1	18	1	832
1	18	1	1009
1	18	2	1080
1	18	2	958
1	18	1	6551
1	18	1	2144
1	18	2	1112
1	18	2	2928
1	18	1	1547
1	18	1	1760
1	18	1	2017
1	18	2	3297
1	18	2	1331
1	18	2	819
1	18	2	1133
1	18	2	437
1	18	2	2683
1	18	2	814
1	18	2	668
1	18	1	4323
1	18	2	901
1	18	1	1161
1	18	2	1211
1	18	2	942
1	18	2	519
1	18	2	599
1	18	1	568
1	18	2	1016
1	18	1	1778
1	18	2	733
1	18	2	858
1	18	2	829
1	18	2	732
1	18	1	626
1	18	2	452
1	18	2	1037
1	18	1	3871
1	18	2	531
1	18	2	583
1	18	2	453
1	18	2	522
1	18	2	1674
1	18	2	415
1	18	2	434
1	18	2	524
1	18	2	413
1	18	2	418
1	18	2	779
1	18	2	636
1	18	2	406
1	18	2	620
1	18	2	566
1	18	1	1551
1	18	2	864
1	18	2	979
1	18	1	1883
1	18	1	771
1	18	2	415
1	18	2	1027
1	18	2	419
1	18	2	396
1	18	2	1384
1	18	2	448
1	18	2	661
1	18	1	1677
1	18	2	713
1	18	2	1102
1	18	2	437
1	18	2	884
1	18	2	977
1	18	2	2704
1	18	2	687
1	18	1	1321
1	18	2	895
1	18	2	730
1	18	1	3431
1	18	2	3068
1	18	1	14072
1	18	2	786
1	18	2	578
1	18	2	393
1	18	2	606
1	18	2	3683
1	18	1	606
1	18	1	640
1	18	2	643
1	18	2	471
1	18	2	725
1	18	2	502
1	18	2	665
1	18	2	357
1	18	2	579
1	18	2	411
1	18	2	1137
1	18	1	1480
1	18	1	462
1	18	2	2547
1	18	2	1079
1	18	2	520
1	18	2	674
1	18	1	936
1	18	2	521
1	18	2	725
1	18	2	597
1	18	2	999
1	18	2	666
1	18	2	805
1	18	2	426
1	18	2	434
1	18	2	2038
1	18	1	774
1	18	2	1923
1	18	2	1223
1	18	2	443
1	18	1	555
1	18	1	607
1	18	2	628
1	18	2	414
1	18	2	569
1	18	1	530
1	18	1	489
1	18	1	726
1	18	2	4002
1	18	1	614
1	18	2	617
1	18	2	430
1	18	1	1771
1	18	2	1350
1	18	1	529
1	18	2	644
1	18	2	385
1	18	2	1932
1	18	1	1566
1	18	2	355
1	18	2	1006
1	18	1	3416
1	18	2	379
1	18	2	703
1	18	2	2223
1	18	2	559
1	18	2	852
1	18	2	825
1	18	2	3190
1	18	2	447
1	18	1	492
1	18	2	638
1	18	2	347
1	18	2	442
1	18	2	525
1	18	1	4160
1	18	2	3563
1	18	2	738
1	18	2	361
1	18	2	569
1	18	2	4170
1	18	2	427
1	18	2	570
1	18	1	2298
1	18	2	666
1	18	2	507
1	18	2	576
1	18	2	966
1	18	1	1407
1	18	1	1454
1	18	1	443
1	18	1	1007
1	18	2	1389
1	18	2	1893
1	18	1	614
1	18	1	468
1	18	1	576
1	18	2	607
1	18	2	317
1	18	2	244
1	18	1	558
1	18	2	1075
1	18	1	959
1	18	2	533
1	18	2	749
1	18	2	736
1	18	2	376
1	18	1	674
1	18	2	505
1	18	2	406
1	18	2	289
1	18	2	371
1	18	2	422
1	18	2	565
1	18	2	349
1	18	1	788
1	18	2	376
1	19	2	547
1	19	2	484
1	19	2	449
1	19	2	546
1	19	2	613
1	19	2	562
1	19	2	742
1	19	2	556
1	19	2	647
1	19	1	1537
1	19	2	866
1	19	2	569
1	19	2	464
1	19	2	447
1	19	1	800
1	19	1	788
1	19	2	515
1	19	1	640
1	19	2	478
1	19	2	633
1	19	2	2706
1	19	2	761
1	19	2	652
1	19	2	871
1	19	2	1125
1	19	1	1323
1	19	2	3010
1	19	2	521
1	19	2	885
1	19	2	563
1	19	2	597
1	19	2	1324
1	19	2	1841
1	19	2	617
1	19	2	1184
1	19	2	3508
1	19	2	986
1	19	1	2658
1	19	1	2657
1	19	2	2932
1	19	2	605
1	19	2	619
1	19	2	1182
1	19	2	2095
1	19	2	569
1	19	2	453
1	19	2	470
1	19	2	8959
1	19	2	547
1	19	2	613
1	19	1	3277
1	19	2	1252
1	19	2	1087
1	19	2	618
1	19	2	583
1	19	2	565
1	19	2	549
1	19	2	636
1	19	2	695
1	19	2	519
1	19	1	641
1	19	2	435
1	19	1	991
1	19	2	1905
1	19	2	844
1	19	2	578
1	19	2	886
1	19	2	3184
1	19	2	398
1	19	2	1990
1	19	2	2706
1	19	2	415
1	19	2	639
1	19	2	2417
1	19	2	540
1	19	2	674
1	19	1	433
1	19	2	991
1	19	2	553
1	19	2	546
1	19	2	642
1	19	2	673
1	19	2	695
1	19	2	569
1	19	2	535
1	19	2	718
1	19	2	492
1	19	2	687
1	19	2	6727
1	19	2	553
1	19	2	1169
1	19	2	2671
1	19	2	670
1	19	1	2657
1	19	2	904
1	19	1	561
1	19	2	508
1	19	2	393
1	19	2	438
1	19	2	431
1	19	2	386
1	19	2	404
1	19	2	461
1	19	2	422
1	19	2	449
1	19	2	409
1	19	2	931
1	19	2	480
1	19	2	649
1	19	2	431
1	19	2	473
1	19	2	448
1	19	2	794
1	19	2	1145
1	19	2	452
1	19	1	713
1	19	2	1797
1	19	2	569
1	19	2	424
1	19	2	441
1	19	2	1114
1	19	2	405
1	19	2	473
1	19	2	682
1	19	2	500
1	19	2	628
1	19	2	704
1	19	2	710
1	19	2	2183
1	19	2	503
1	19	2	413
1	19	2	2673
1	19	2	400
1	19	2	541
1	19	2	332
1	19	2	551
1	19	2	510
1	19	2	423
1	19	2	473
1	19	1	1129
1	19	2	4987
1	19	2	2296
1	19	2	2791
1	19	2	617
1	19	2	407
1	19	2	643
1	19	1	479
1	19	2	429
1	19	2	754
1	19	2	2227
1	19	2	454
1	19	2	397
1	19	2	985
1	19	2	457
1	19	2	356
1	19	2	1886
1	19	2	378
1	19	2	426
1	19	2	515
1	19	1	564
1	19	2	356
1	19	2	348
1	19	2	732
1	19	2	431
1	19	2	575
1	19	2	1023
1	19	2	459
1	19	2	1400
1	19	2	331
1	19	2	1557
1	19	2	487
1	19	2	329
1	19	2	564
1	19	2	1787
1	19	1	1536
1	19	2	494
1	19	2	344
1	19	1	557
1	19	2	685
1	19	1	450
1	19	2	453
1	19	2	617
1	19	2	362
1	19	2	279
1	19	1	1545
1	19	2	384
1	19	2	337
1	19	2	483
1	19	2	350
1	19	2	375
1	19	2	460
1	19	2	523
1	19	2	888
1	19	2	3587
1	19	2	368
1	19	2	387
1	19	2	306
1	19	2	1032
1	19	2	396
1	20	2	592
1	20	2	529
1	20	2	700
1	20	2	584
1	20	1	1068
1	20	2	646
1	20	2	567
1	20	2	642
1	20	2	600
1	20	2	596
1	20	2	739
1	20	2	443
1	20	2	470
1	20	1	660
1	20	2	463
1	20	2	569
1	20	2	519
1	20	2	503
1	20	2	397
1	20	2	730
1	20	2	564
1	20	2	2964
1	20	2	784
1	20	2	787
1	20	2	648
1	20	2	570
1	20	2	2284
1	20	1	752
1	20	1	694
1	20	2	1162
1	20	2	1267
1	20	2	886
1	20	2	498
1	20	2	647
1	20	2	729
1	20	2	2167
1	20	1	868
1	20	2	4562
1	20	2	1387
1	20	2	597
1	20	2	632
1	20	2	533
1	20	2	1270
1	20	2	550
1	20	2	961
1	20	2	842
1	20	2	537
1	20	2	855
1	20	2	564
1	20	2	3911
1	20	2	545
1	20	2	669
1	20	2	529
1	20	2	1003
1	20	2	2463
1	20	2	2410
1	20	2	1971
1	20	2	603
1	20	1	3751
1	20	2	950
1	20	2	3658
1	20	2	776
1	20	2	1542
1	20	2	547
1	20	2	1050
1	20	2	905
1	20	2	2075
1	20	2	721
1	20	2	547
1	20	2	514
1	20	2	420
1	20	2	620
1	20	2	554
1	20	2	521
1	20	2	546
1	20	2	903
1	20	2	558
1	20	2	413
1	20	2	548
1	20	2	447
1	20	2	419
1	20	2	985
1	20	2	516
1	20	2	1503
1	20	2	5410
1	20	2	440
1	20	2	483
1	20	2	473
1	20	2	807
1	20	2	462
1	20	2	2967
1	20	2	885
1	20	2	369
1	20	2	654
1	20	2	1095
1	20	2	513
1	20	2	581
1	20	2	547
1	20	2	454
1	20	2	345
1	20	2	373
1	20	2	458
1	20	2	710
1	20	2	571
1	20	2	424
1	20	2	505
1	20	2	537
1	20	2	447
1	20	2	388
1	20	2	646
1	20	2	535
1	20	2	373
1	20	2	447
1	20	2	407
1	20	2	720
1	20	2	711
1	20	2	654
1	20	2	2864
1	20	1	1158
1	20	2	548
1	20	2	956
1	20	2	514
1	20	2	2895
1	20	2	588
1	20	2	535
1	20	2	481
1	20	2	919
1	20	2	320
1	20	2	377
1	20	2	380
1	20	2	641
1	20	2	637
1	20	2	433
1	20	2	367
1	20	2	375
1	20	2	431
1	20	2	1021
1	20	2	480
1	20	2	396
1	20	2	404
1	20	2	367
1	20	2	379
1	20	2	617
1	20	2	426
1	20	2	1349
1	20	2	3485
1	20	2	324
1	20	2	309
1	20	2	764
1	20	2	322
1	20	2	912
1	20	2	482
1	20	2	321
1	20	2	2094
1	20	2	1340
1	20	2	338
1	20	2	456
1	20	2	497
1	20	2	455
1	20	2	1292
1	20	2	422
1	20	2	642
1	20	2	786
1	20	2	773
1	20	2	342
1	20	2	487
1	20	2	374
1	20	2	649
1	20	2	518
1	20	2	774
1	20	2	481
1	20	2	639
1	20	2	456
1	20	2	427
1	20	2	615
1	20	2	431
1	20	2	430
1	20	1	744
1	20	2	313
1	20	2	306
1	20	2	2100
1	20	2	757
1	20	2	1237
1	20	2	348
1	20	2	289
1	20	2	317
1	20	1	970
1	20	2	359
1	20	2	838
1	20	2	332
1	20	2	417
1	20	2	397
1	20	2	341
1	20	2	369
1	20	2	472
1	20	2	369
1	20	2	308
1	20	2	289
1	20	2	425
1	20	1	891
1	21	2	550
1	21	2	702
1	21	2	560
1	21	2	547
1	21	2	435
1	21	2	532
1	21	2	553
1	21	2	614
1	21	2	547
1	21	2	414
1	21	2	414
1	21	2	736
1	21	2	498
1	21	2	465
1	21	2	369
1	21	2	564
1	21	1	735
1	21	1	608
1	21	2	547
1	21	2	669
1	21	2	522
1	21	2	795
1	21	2	631
1	21	2	535
1	21	2	548
1	21	2	522
1	21	2	1132
1	21	2	562
1	21	2	818
1	21	2	701
1	21	2	1034
1	21	2	494
1	21	2	1125
1	21	2	478
1	21	2	1025
1	21	2	516
1	21	2	479
1	21	2	885
1	21	2	850
1	21	2	1337
1	21	1	5483
1	21	2	708
1	21	2	488
1	21	2	781
1	21	2	652
1	21	2	505
1	21	2	593
1	21	2	5172
1	21	2	995
1	21	2	548
1	21	2	637
1	21	2	3666
1	21	2	719
1	21	2	1153
1	21	2	463
1	21	2	750
1	21	2	569
1	21	2	516
1	21	2	509
1	21	2	600
1	21	2	566
1	21	2	582
1	21	2	496
1	21	2	487
1	21	2	417
1	21	2	538
1	21	2	466
1	21	2	416
1	21	2	404
1	21	2	814
1	21	2	323
1	21	2	463
1	21	2	552
1	21	2	588
1	21	2	631
1	21	2	1144
1	21	2	431
1	21	2	405
1	21	2	696
1	21	2	453
1	21	2	463
1	21	2	470
1	21	2	546
1	21	2	605
1	21	2	387
1	21	2	951
1	21	2	561
1	21	2	535
1	21	2	2630
1	21	2	531
1	21	2	449
1	21	2	396
1	21	2	437
1	21	2	387
1	21	2	644
1	21	2	416
1	21	2	351
1	21	2	461
1	21	2	412
1	21	2	508
1	21	2	513
1	21	2	1265
1	21	2	421
1	21	2	435
1	21	2	442
1	21	2	534
1	21	2	408
1	21	2	466
1	21	2	468
1	21	2	435
1	21	2	425
1	21	2	512
1	21	2	628
1	21	2	296
1	21	2	356
1	21	2	518
1	21	2	695
1	21	2	575
1	21	2	606
1	21	2	554
1	21	2	517
1	21	2	383
1	21	2	319
1	21	2	2243
1	21	2	420
1	21	2	440
1	21	2	514
1	21	2	854
1	21	2	349
1	21	2	509
1	21	2	310
1	21	2	390
1	21	2	389
1	21	2	472
1	21	2	770
1	21	2	365
1	21	2	938
1	21	2	622
1	21	2	418
1	21	2	437
1	21	2	450
1	21	2	458
1	21	2	590
1	21	2	573
1	21	2	398
1	21	2	615
1	21	2	1130
1	21	2	634
1	21	1	606
1	21	2	493
1	21	2	345
1	21	2	335
1	21	2	393
1	21	2	403
1	21	2	407
1	21	2	369
1	21	2	335
1	21	2	1369
1	21	2	1832
1	21	2	250
1	21	2	381
1	21	2	305
1	21	2	381
1	21	2	331
1	21	2	371
1	21	2	277
1	21	2	529
1	21	2	334
1	21	2	593
1	21	2	305
1	21	2	502
1	21	2	444
1	22	2	894
1	22	2	927
1	22	1	639
1	22	2	488
1	22	2	468
1	22	2	547
1	22	2	498
1	22	2	770
1	22	2	630
1	22	2	799
1	22	2	521
1	22	1	739
1	22	2	505
1	22	2	872
1	22	2	465
1	22	1	794
1	22	2	573
1	22	2	512
1	22	2	704
1	22	2	531
1	22	2	547
1	22	2	788
1	22	2	1144
1	22	2	583
1	22	2	979
1	22	2	703
1	22	2	834
1	22	2	557
1	22	1	686
1	22	2	570
1	22	2	586
1	22	2	548
1	22	2	696
1	22	2	1051
1	22	2	571
1	22	2	946
1	22	2	570
1	22	2	672
1	22	2	515
1	22	2	584
1	22	2	586
1	22	2	812
1	22	2	530
1	22	2	544
1	22	2	745
1	22	2	488
1	22	2	403
1	22	2	2552
1	22	2	597
1	22	2	538
1	22	2	528
1	22	2	455
1	22	2	690
1	22	2	679
1	22	2	484
1	22	2	566
1	22	2	607
1	22	2	455
1	22	2	480
1	22	2	448
1	22	2	1097
1	22	2	449
1	22	2	781
1	22	2	354
1	22	2	406
1	22	2	439
1	22	2	496
1	22	2	446
1	22	2	406
1	22	2	746
1	22	2	697
1	22	2	555
1	22	2	811
1	22	2	386
1	22	2	569
1	22	2	509
1	22	2	729
1	22	2	401
1	22	2	437
1	22	2	395
1	22	2	516
1	22	2	389
1	22	2	339
1	22	2	1192
1	22	2	424
1	22	2	422
1	22	2	469
1	22	2	505
1	22	2	820
1	22	2	512
1	22	2	446
1	22	2	426
1	22	2	739
1	22	2	378
1	22	2	525
1	22	2	535
1	22	2	627
1	22	2	364
1	22	2	390
1	22	2	361
1	22	2	445
1	22	2	393
1	22	2	758
1	22	2	425
1	22	2	408
1	22	2	382
1	22	2	345
1	22	2	281
1	22	2	438
1	22	2	482
1	22	2	657
1	22	2	369
1	22	2	388
1	22	2	433
1	22	2	430
1	22	2	388
1	22	2	458
1	22	2	382
1	22	2	646
1	22	2	432
1	22	1	376
1	22	2	436
1	22	2	390
1	22	2	373
1	22	2	472
1	22	2	492
1	22	2	544
1	22	2	542
1	22	2	375
1	22	2	389
1	22	2	525
1	22	2	558
1	22	2	361
1	22	2	507
1	22	2	395
1	22	2	391
1	22	2	444
1	22	2	389
1	22	2	654
1	22	2	412
1	22	2	469
1	22	1	601
1	22	2	428
1	22	2	283
1	22	2	282
1	22	2	430
1	22	2	356
1	22	2	345
1	22	2	302
1	22	2	325
1	22	2	340
1	22	2	338
1	22	2	386
1	22	2	377
1	22	2	338
1	22	2	343
1	22	2	337
1	22	2	334
1	22	2	373
1	22	2	305
1	22	1	379
1	22	2	382
1	22	2	357
1	22	2	318
1	22	2	527
1	22	2	328
1	22	2	670
1	22	2	684
1	23	2	1006
1	23	2	521
1	23	2	592
1	23	2	490
1	23	2	480
1	23	2	684
1	23	2	2374
1	23	2	606
1	23	2	480
1	23	2	451
1	23	2	385
1	23	2	463
1	23	2	522
1	23	2	597
1	23	2	580
1	23	1	722
1	23	2	524
1	23	2	535
1	23	1	717
1	23	2	465
1	23	2	447
1	23	2	538
1	23	2	547
1	23	2	571
1	23	2	517
1	23	2	558
1	23	2	516
1	23	2	1095
1	23	2	619
1	23	2	874
1	23	2	704
1	23	2	554
1	23	2	449
1	23	2	523
1	23	2	605
1	23	2	580
1	23	2	405
1	23	2	630
1	23	2	421
1	23	2	1307
1	23	2	481
1	23	2	499
1	23	2	1102
1	23	2	784
1	23	2	397
1	23	2	448
1	23	2	559
1	23	2	482
1	23	2	439
1	23	2	585
1	23	2	500
1	23	2	487
1	23	2	611
1	23	2	471
1	23	2	470
1	23	2	453
1	23	2	1680
1	23	2	590
1	23	2	662
1	23	2	570
1	23	2	433
1	23	2	486
1	23	2	396
1	23	2	403
1	23	2	432
1	23	2	436
1	23	2	462
1	23	2	465
1	23	2	437
1	23	2	467
1	23	2	350
1	23	2	423
1	23	2	382
1	23	2	425
1	23	2	421
1	23	2	549
1	23	2	433
1	23	2	439
1	23	2	547
1	23	2	437
1	23	2	536
1	23	2	399
1	23	2	480
1	23	2	404
1	23	2	496
1	23	2	451
1	23	2	422
1	23	2	451
1	23	2	777
1	23	2	521
1	23	2	584
1	23	2	596
1	23	2	574
1	23	2	443
1	23	2	343
1	23	2	430
1	23	2	519
1	23	2	398
1	23	2	387
1	23	2	423
1	23	2	515
1	23	2	564
1	23	2	585
1	23	2	734
1	23	2	648
1	23	2	569
1	23	2	518
1	23	2	321
1	23	2	388
1	23	2	494
1	23	2	3474
1	23	2	626
1	23	2	521
1	23	2	503
1	23	2	813
1	23	2	595
1	23	2	494
1	23	2	441
1	23	2	519
1	23	2	435
1	23	2	403
1	23	2	326
1	23	2	374
1	23	2	425
1	23	2	480
1	23	2	340
1	23	2	352
1	23	2	544
1	23	2	490
1	23	2	431
1	23	2	407
1	23	2	318
1	23	2	371
1	23	2	417
1	23	2	324
1	23	2	353
1	23	2	422
1	23	2	436
1	23	2	465
1	23	2	431
1	23	2	449
1	23	2	401
1	23	2	428
1	23	2	893
1	23	2	557
1	23	2	424
1	23	2	541
1	23	2	465
1	23	2	382
1	23	2	448
1	23	2	406
1	23	2	1404
1	23	2	332
1	23	2	401
1	23	2	459
1	23	2	440
1	23	2	585
1	23	2	455
1	23	2	534
1	23	2	394
1	23	2	525
1	23	2	607
1	23	2	368
1	23	2	640
1	23	2	706
1	23	2	367
1	23	2	323
1	23	2	352
1	23	2	431
1	23	2	335
1	23	2	398
1	23	2	320
1	23	2	525
1	23	2	453
1	23	2	437
1	23	2	338
1	23	2	327
1	23	2	256
1	23	2	350
1	23	2	298
1	23	2	426
1	23	2	331
1	23	2	355
1	23	2	262
1	24	2	405
1	24	2	551
1	24	2	543
1	24	2	618
1	24	2	803
1	24	2	662
1	24	2	751
1	24	2	564
1	24	2	369
1	24	2	515
1	24	2	430
1	24	1	671
1	24	2	518
1	24	1	690
1	24	2	605
1	24	2	747
1	24	2	568
1	24	2	529
1	24	2	554
1	24	2	703
1	24	2	522
1	24	2	635
1	24	2	587
1	24	2	666
1	24	2	554
1	24	2	646
1	24	2	540
1	24	2	450
1	24	2	538
1	24	2	687
1	24	2	548
1	24	2	579
1	24	2	554
1	24	2	629
1	24	2	1225
1	24	2	546
1	24	2	485
1	24	2	507
1	24	2	650
1	24	2	589
1	24	2	438
1	24	2	615
1	24	2	449
1	24	2	446
1	24	2	514
1	24	2	624
1	24	2	549
1	24	2	460
1	24	2	532
1	24	2	471
1	24	2	841
1	24	2	470
1	24	2	386
1	24	2	366
1	24	2	465
1	24	2	404
1	24	2	471
1	24	2	515
1	24	2	437
1	24	2	438
1	24	2	322
1	24	2	372
1	24	2	536
1	24	2	377
1	24	2	418
1	24	2	484
1	24	2	508
1	24	2	459
1	24	2	564
1	24	2	1389
1	24	2	1141
1	24	2	491
1	24	2	420
1	24	2	400
1	24	2	417
1	24	2	2149
1	24	2	645
1	24	2	457
1	24	2	1031
1	24	2	304
1	24	2	538
1	24	2	747
1	24	2	462
1	24	2	432
1	24	2	642
1	24	2	560
1	24	2	489
1	24	2	928
1	24	2	464
1	24	2	418
1	24	2	316
1	24	2	406
1	24	2	393
1	24	2	384
1	24	2	356
1	24	2	480
1	24	2	405
1	24	2	467
1	24	2	582
1	24	2	542
1	24	2	437
1	24	2	444
1	24	2	444
1	24	2	506
1	24	2	266
1	24	2	447
1	24	2	328
1	24	2	377
1	24	2	361
1	24	2	444
1	24	2	375
1	24	2	417
1	24	2	323
1	24	2	273
1	24	2	331
1	24	2	341
1	24	2	252
1	24	2	440
1	24	2	312
1	25	2	429
1	25	2	645
1	25	2	498
1	25	2	556
1	25	2	663
1	25	2	484
1	25	2	537
1	25	2	572
1	25	2	536
1	25	2	578
1	25	2	935
1	25	2	748
1	25	2	771
1	25	2	599
1	25	2	489
1	25	2	573
1	25	2	550
1	25	2	485
1	25	2	454
1	25	2	444
1	25	2	754
1	25	2	471
1	25	2	404
1	25	2	651
1	25	2	579
1	25	2	589
1	25	2	482
1	25	2	481
1	25	2	503
1	25	2	471
1	25	2	421
1	25	2	606
1	25	2	455
1	25	2	438
1	25	2	488
1	25	2	486
1	25	2	496
1	25	2	499
1	25	2	563
1	25	2	495
1	25	2	637
1	25	2	361
1	25	2	451
1	25	2	537
1	25	2	563
1	25	2	398
1	25	2	439
1	25	1	409
1	25	2	315
1	25	2	379
1	25	2	487
1	25	2	455
1	25	2	387
1	25	2	366
1	25	2	339
1	25	2	738
1	25	2	421
1	25	2	498
1	25	2	564
1	25	2	403
1	25	2	389
1	25	2	479
1	25	2	435
1	25	2	339
1	25	2	421
1	25	2	440
1	25	2	1283
1	25	2	985
1	25	2	471
1	25	2	476
1	25	2	444
1	25	2	345
1	25	2	568
1	25	2	432
1	25	2	321
1	25	2	479
1	25	2	519
1	25	2	408
1	25	2	366
1	25	2	421
1	25	2	440
1	25	2	322
1	25	2	358
1	25	2	489
1	25	2	404
1	25	2	499
1	25	2	452
1	25	2	462
1	25	2	365
1	25	2	747
1	25	2	645
1	25	2	479
1	25	2	544
1	25	2	464
1	25	2	361
1	25	2	460
1	25	2	362
1	25	2	508
1	25	2	423
1	25	2	479
1	25	2	488
1	25	2	503
1	25	2	437
1	25	2	453
1	25	2	564
1	25	2	482
1	25	2	432
1	25	2	423
1	25	2	407
1	25	2	374
1	25	2	397
1	25	2	475
1	25	2	312
1	25	2	428
1	25	2	369
1	25	2	343
1	25	2	348
1	25	2	361
1	25	2	352
1	25	2	368
1	25	2	382
1	25	2	482
1	25	2	385
1	25	2	319
1	25	2	465
1	26	2	637
1	26	2	535
1	26	2	529
1	26	2	468
1	26	2	501
1	26	2	601
1	26	2	498
1	26	2	455
1	26	2	536
1	26	2	377
1	26	1	656
1	26	2	427
1	26	2	443
1	26	2	576
1	26	2	612
1	26	2	482
1	26	2	584
1	26	2	550
1	26	2	498
1	26	2	603
1	26	2	654
1	26	2	520
1	26	2	541
1	26	2	604
1	26	2	519
1	26	2	678
1	26	2	602
1	26	2	630
1	26	2	581
1	26	2	498
1	26	2	569
1	26	2	495
1	26	2	471
1	26	2	526
1	26	2	495
1	26	2	644
1	26	2	617
1	26	2	562
1	26	2	422
1	26	2	509
1	26	2	474
1	26	2	445
1	26	2	523
1	26	2	471
1	26	2	450
1	26	2	516
1	26	2	458
1	26	2	486
1	26	2	421
1	26	2	484
1	26	2	373
1	26	2	432
1	26	2	367
1	26	2	503
1	26	2	387
1	26	2	381
1	26	2	503
1	26	2	372
1	26	2	594
1	26	2	701
1	26	2	467
1	26	2	480
1	26	2	668
1	26	2	562
1	26	2	598
1	26	2	386
1	26	2	475
1	26	2	389
1	26	2	492
1	26	2	514
1	26	2	535
1	26	2	530
1	26	2	419
1	26	2	391
1	26	2	384
1	26	2	504
1	26	2	344
1	26	2	424
1	26	2	336
1	26	2	439
1	26	2	508
1	26	2	417
1	26	2	372
1	26	2	474
1	26	2	436
1	26	2	719
1	26	2	460
1	26	2	504
1	26	2	488
1	26	2	559
1	26	2	400
1	26	2	499
1	26	2	408
1	26	2	332
1	26	2	279
1	26	2	376
1	26	2	383
1	26	2	357
1	26	2	382
1	26	2	378
1	26	1	260
1	26	2	347
1	26	2	298
1	26	2	339
1	26	2	364
1	26	2	563
1	26	2	315
1	26	2	450
1	26	2	395
1	26	2	349
1	26	2	418
1	26	2	381
1	27	2	517
1	27	2	535
1	27	2	571
1	27	2	452
1	27	2	468
1	27	2	514
1	27	2	561
1	27	2	611
1	27	2	602
1	27	2	536
1	27	2	499
1	27	2	497
1	27	2	437
1	27	2	904
1	27	2	497
1	27	2	642
1	27	2	599
1	27	2	600
1	27	2	537
1	27	2	615
1	27	2	604
1	27	2	520
1	27	2	538
1	27	2	565
1	27	2	532
1	27	2	641
1	27	2	536
1	27	2	572
1	27	2	434
1	27	2	442
1	27	2	631
1	27	2	628
1	27	2	433
1	27	2	582
1	27	2	554
1	27	2	555
1	27	2	455
1	27	2	462
1	27	2	441
1	27	2	484
1	27	2	531
1	27	2	503
1	27	2	655
1	27	2	421
1	27	2	574
1	27	2	490
1	27	2	563
1	27	2	482
1	27	2	437
1	27	2	517
1	27	2	405
1	27	2	527
1	27	2	562
1	27	2	631
1	27	2	511
1	27	2	512
1	27	2	526
1	27	2	1243
1	27	2	442
1	27	2	550
1	27	2	622
1	27	2	493
1	27	2	594
1	27	2	516
1	27	2	309
1	27	2	498
1	27	2	400
1	27	2	628
1	27	2	403
1	27	2	392
1	27	2	397
1	27	2	417
1	27	2	588
1	27	2	373
1	27	2	415
1	27	2	589
1	27	2	414
1	27	2	363
1	27	2	391
1	27	2	422
1	27	2	523
1	27	2	463
1	27	2	381
1	27	2	508
1	27	2	463
1	27	2	360
1	27	2	348
1	27	2	453
1	27	2	501
1	27	2	324
1	27	2	343
1	27	2	447
1	27	1	527
1	28	2	479
1	28	2	551
1	28	2	512
1	28	2	480
1	28	2	702
1	28	2	569
1	28	2	469
1	28	2	855
1	28	2	644
1	28	2	566
1	28	2	538
1	28	2	354
1	28	2	720
1	28	2	437
1	28	2	536
1	28	2	679
1	28	2	486
1	28	2	501
1	28	2	420
1	28	2	437
1	28	2	818
1	28	2	519
1	28	2	662
1	28	2	549
1	28	2	517
1	28	2	453
1	28	2	570
1	28	2	782
1	28	2	574
1	28	2	497
1	28	2	434
1	28	2	433
1	28	2	523
1	28	2	481
1	28	2	563
1	28	2	463
1	28	2	516
1	28	2	390
1	28	2	364
1	28	2	464
1	28	2	420
1	28	2	581
1	28	2	367
1	28	2	523
1	28	2	581
1	28	2	517
1	28	2	327
1	28	2	414
1	28	2	442
1	28	2	582
1	28	2	581
1	28	2	346
1	28	2	357
1	28	2	432
1	28	2	407
1	28	2	376
1	28	2	607
1	28	2	473
1	28	2	361
1	28	2	400
1	28	2	395
1	28	2	464
1	28	2	484
1	28	2	381
1	28	2	397
1	28	2	382
1	28	2	243
1	28	2	336
1	28	2	344
1	28	2	374
1	28	2	346
1	29	2	451
1	29	2	498
1	29	2	485
1	29	2	436
1	29	2	503
1	29	2	564
1	29	2	511
1	29	2	547
1	29	2	504
1	29	2	471
1	29	2	536
1	29	2	498
1	29	2	496
1	29	2	581
1	29	2	447
1	29	2	421
1	29	2	470
1	29	2	504
1	29	2	532
1	29	2	483
1	29	2	415
1	29	2	526
1	29	2	437
1	29	2	544
1	29	2	482
1	29	2	422
1	29	2	486
1	29	2	466
1	29	2	528
1	29	2	519
1	29	2	488
1	29	2	481
1	29	2	403
1	29	2	487
1	29	2	524
1	29	2	471
1	29	2	386
1	29	2	323
1	29	2	637
1	29	2	352
1	29	2	397
1	29	2	552
1	29	2	421
1	29	2	406
1	29	2	514
1	29	2	585
1	29	2	449
1	29	2	371
1	29	2	418
1	29	2	472
1	29	1	345
1	29	2	402
1	29	2	332
1	29	2	370
1	29	2	377
1	29	2	401
1	29	2	363
1	30	2	492
1	30	2	518
1	30	2	480
1	30	2	547
1	30	2	670
1	30	2	505
1	30	2	515
1	30	2	763
1	30	2	571
1	30	2	449
1	30	2	453
1	30	2	1021
1	30	2	472
1	30	2	455
1	30	2	357
1	30	2	439
1	30	2	433
1	30	2	372
1	30	2	525
1	30	2	536
1	30	2	349
1	30	2	403
1	30	2	402
1	30	2	574
1	30	2	408
1	30	2	344
1	30	2	383
1	30	2	413
1	30	2	473
1	30	2	457
1	30	2	371
1	30	2	470
1	30	2	416
1	30	2	538
1	30	2	450
1	30	2	395
1	30	2	345
1	30	2	372
1	30	2	402
1	30	2	459
1	30	2	343
1	30	2	375
1	30	2	289
1	31	2	434
1	31	2	420
1	31	2	493
1	31	2	496
1	31	2	607
1	31	2	464
1	31	2	513
1	31	2	544
1	31	2	565
1	31	2	474
1	31	2	493
1	31	2	388
1	31	2	436
1	31	2	415
1	31	2	439
1	31	2	429
1	31	2	426
1	31	2	412
1	31	2	1066
1	31	2	632
1	31	2	456
1	31	2	407
1	31	2	476
1	31	2	406
1	31	2	371
1	31	2	523
1	31	2	295
1	31	2	331
1	31	2	443
1	31	2	396
1	31	2	323
1	32	2	483
1	32	2	452
1	32	2	602
1	32	2	430
1	32	2	602
1	32	2	490
1	32	2	465
1	32	2	1126
1	32	2	571
1	32	2	491
1	32	2	481
1	32	2	514
1	32	2	374
1	32	2	405
1	32	2	638
1	32	2	359
1	32	2	473
1	32	2	664
1	32	2	397
1	32	2	383
1	32	2	771
1	32	2	600
1	32	2	510
1	32	2	426
1	32	2	302
1	32	2	398
1	32	2	360
1	32	2	594
1	32	2	315
1	32	2	295
1	32	2	375
1	33	2	495
1	33	2	530
1	33	2	536
1	33	2	590
1	33	2	422
1	33	2	379
1	33	2	404
1	33	2	333
1	33	2	432
1	33	2	598
1	33	2	323
1	33	2	370
1	33	2	431
1	33	2	303
1	33	1	268
1	34	1	404
1	34	1	317
1	34	1	355
1	34	1	354
1	34	1	305
1	34	1	340
1	34	1	366
1	34	2	430
1	34	1	360
1	34	1	302
1	34	1	393
1	34	1	286
1	34	1	348
1	34	1	360
1	34	1	400
1	34	1	301
1	34	1	464
1	34	1	289
1	34	1	277
1	34	2	205
1	34	1	416
1	34	1	406
1	34	1	275
1	34	1	277
1	34	1	390
1	35	1	366
1	35	1	316
1	35	1	362
1	35	1	356
1	35	1	316
1	35	1	301
1	35	1	372
1	35	1	358
1	35	1	275
1	35	1	524
1	35	1	365
1	35	1	356
1	35	1	369
1	35	1	355
1	35	1	286
1	35	1	559
1	35	1	248
1	35	1	309
1	35	1	355
1	35	1	245
1	35	1	370
1	35	1	380
1	35	1	375
1	35	1	304
1	35	1	310
1	36	1	349
1	36	1	426
1	36	1	336
1	36	1	308
1	36	1	374
1	36	1	336
1	36	1	365
1	36	1	400
1	36	1	306
1	36	1	340
1	36	1	353
1	36	1	353
1	36	1	325
1	36	1	292
1	36	1	342
1	36	1	393
1	36	1	330
1	36	1	333
1	36	1	411
1	36	1	367
1	36	1	332
1	36	1	373
1	36	1	335
1	36	1	366
1	36	1	240
1	36	1	354
1	36	1	346
1	36	1	316
1	36	1	425
1	36	1	320
1	36	1	257
1	36	1	275
1	36	1	314
1	36	1	266
1	36	1	332
1	36	1	296
1	37	1	406
1	37	1	398
1	37	1	305
1	37	1	307
1	37	1	301
1	37	1	440
1	37	1	373
1	37	1	372
1	37	1	367
1	37	1	357
1	37	1	439
1	37	1	326
1	37	1	283
1	37	1	339
1	37	1	374
1	37	1	275
1	37	1	336
1	37	1	304
1	37	1	340
1	37	1	394
1	37	1	356
1	37	1	416
1	37	1	382
1	37	1	316
1	37	1	897
1	37	1	325
1	37	1	307
1	37	1	267
1	37	1	293
1	37	1	256
1	37	1	279
1	37	1	323
1	37	1	271
1	37	1	306
1	37	1	320
1	37	1	255
1	37	1	334
1	37	1	311
1	37	1	336
1	37	1	327
1	37	1	290
1	37	1	303
1	38	1	333
1	38	1	491
1	38	1	314
1	38	1	257
1	38	1	390
1	38	1	371
1	38	1	326
1	38	1	378
1	38	1	300
1	38	1	317
1	38	1	370
1	38	1	410
1	38	1	414
1	38	1	340
1	38	1	418
1	38	1	383
1	38	1	385
1	38	1	302
1	38	1	377
1	38	1	409
1	38	1	332
1	38	1	338
1	38	1	310
1	38	1	328
1	38	1	307
1	38	1	285
1	38	1	401
1	38	1	386
1	38	1	366
1	38	1	349
1	38	1	348
1	38	1	465
1	38	1	269
1	38	1	334
1	38	1	272
1	38	1	384
1	38	1	292
1	38	1	360
1	38	1	275
1	38	1	236
1	38	1	421
1	38	1	296
1	38	1	211
1	38	1	305
1	38	1	278
1	38	1	307
1	38	1	256
1	38	1	293
1	38	1	301
1	38	1	307
1	38	1	314
1	38	1	244
1	38	1	395
1	39	1	387
1	39	1	354
1	39	1	300
1	39	1	429
1	39	1	339
1	39	1	350
1	39	1	282
1	39	1	349
1	39	1	315
1	39	1	341
1	39	1	384
1	39	1	314
1	39	1	267
1	39	1	319
1	39	1	335
1	39	1	379
1	39	1	408
1	39	1	334
1	39	1	400
1	39	1	317
1	39	1	384
1	39	1	410
1	39	1	341
1	39	1	340
1	39	1	305
1	39	1	319
1	39	1	390
1	39	1	341
1	39	1	375
1	39	1	314
1	39	1	353
1	39	1	335
1	39	1	370
1	39	1	326
1	39	1	318
1	39	1	381
1	39	1	356
1	39	1	291
1	39	1	357
1	39	1	385
1	39	1	408
1	39	1	339
1	39	1	332
1	39	1	367
1	39	1	304
1	39	1	335
1	39	1	444
1	39	1	322
1	39	1	289
1	39	1	349
1	39	1	664
1	39	1	324
1	39	1	241
1	39	1	333
1	39	1	252
1	39	1	334
1	39	1	380
1	39	1	334
1	39	1	318
1	39	1	309
1	39	1	297
1	39	1	299
1	39	1	284
1	39	1	279
1	39	1	277
1	39	1	307
1	39	1	306
1	39	1	340
1	39	1	356
1	39	1	291
1	39	1	279
1	39	1	340
1	39	1	278
1	39	1	322
1	39	1	239
1	39	1	290
1	39	1	327
1	39	1	361
1	39	1	289
1	39	1	282
1	39	1	360
1	39	1	292
1	39	1	307
1	39	1	289
1	39	1	306
1	39	1	301
1	40	1	350
1	40	1	328
1	40	1	353
1	40	1	347
1	40	1	375
1	40	1	286
1	40	1	351
1	40	1	287
1	40	1	323
1	40	1	364
1	40	1	359
1	40	1	304
1	40	1	408
1	40	1	326
1	40	1	339
1	40	1	423
1	40	1	339
1	40	1	297
1	40	1	320
1	40	1	303
1	40	1	333
1	40	1	317
1	40	1	351
1	40	1	317
1	40	1	368
1	40	1	433
1	40	1	368
1	40	1	336
1	40	1	272
1	40	1	290
1	40	1	322
1	40	1	367
1	40	1	373
1	40	1	365
1	40	1	333
1	40	1	514
1	40	1	317
1	40	1	350
1	40	1	399
1	40	1	399
1	40	1	307
1	40	1	324
1	40	1	328
1	40	1	300
1	40	1	303
1	40	1	302
1	40	1	380
1	40	1	336
1	40	1	398
1	40	1	335
1	40	1	338
1	40	1	343
1	40	1	461
1	40	1	389
1	40	1	351
1	40	1	361
1	40	1	344
1	40	1	302
1	40	1	499
1	40	1	279
1	40	1	369
1	40	1	303
1	40	1	277
1	40	1	296
1	40	1	358
1	40	1	369
1	40	2	380
1	40	1	300
1	40	1	366
1	40	1	345
1	40	1	301
1	40	1	301
1	40	1	335
1	40	1	341
1	40	1	303
1	40	1	312
1	40	1	283
1	40	1	330
1	40	1	288
1	40	2	302
1	40	1	346
1	40	1	363
1	40	1	396
1	40	1	288
1	40	1	331
1	40	1	344
1	40	1	305
1	40	1	360
1	40	1	288
1	40	1	316
1	40	1	287
1	40	1	332
1	40	1	371
1	40	1	279
1	40	1	335
1	40	1	300
1	41	1	350
1	41	1	244
1	41	1	366
1	41	1	354
1	41	1	360
1	41	1	360
1	41	1	376
1	41	1	346
1	41	1	350
1	41	1	271
1	41	1	320
1	41	1	276
1	41	1	342
1	41	1	323
1	41	1	383
1	41	1	284
1	41	1	268
1	41	1	384
1	41	1	419
1	41	1	324
1	41	1	341
1	41	1	507
1	41	1	390
1	41	1	324
1	41	1	351
1	41	1	307
1	41	1	320
1	41	1	354
1	41	1	357
1	41	1	384
1	41	1	369
1	41	1	358
1	41	1	320
1	41	1	376
1	41	1	376
1	41	1	389
1	41	1	354
1	41	1	322
1	41	1	350
1	41	1	341
1	41	1	391
1	41	1	351
1	41	1	335
1	41	1	362
1	41	1	369
1	41	1	373
1	41	1	391
1	41	1	380
1	41	1	372
1	41	1	346
1	41	1	282
1	41	1	357
1	41	1	233
1	41	1	297
1	41	1	340
1	41	1	303
1	41	1	302
1	41	1	278
1	41	1	291
1	41	1	261
1	41	1	286
1	41	1	355
1	41	1	385
1	41	1	428
1	41	1	302
1	41	1	304
1	41	1	291
1	41	1	334
1	41	2	281
1	41	1	361
1	41	1	255
1	41	1	318
1	41	1	318
1	41	1	361
1	41	1	341
1	41	1	310
1	41	1	253
1	41	1	307
1	41	1	330
1	41	1	306
1	41	1	247
1	41	1	364
1	41	1	247
1	41	1	277
1	41	1	355
1	41	1	256
1	41	1	275
1	41	1	405
1	41	1	317
1	41	1	244
1	41	1	367
1	42	1	287
1	42	1	337
1	42	1	353
1	42	1	387
1	42	1	330
1	42	1	385
1	42	1	383
1	42	1	351
1	42	1	471
1	42	1	456
1	42	1	372
1	42	1	417
1	42	1	299
1	42	1	289
1	42	1	332
1	42	1	399
1	42	1	388
1	42	1	318
1	42	1	311
1	42	1	334
1	42	1	319
1	42	1	405
1	42	1	291
1	42	1	324
1	42	1	496
1	42	1	418
1	42	1	348
1	42	1	340
1	42	1	397
1	42	1	384
1	42	1	334
1	42	1	322
1	42	1	332
1	42	1	250
1	42	1	271
1	42	1	315
1	42	1	457
1	42	1	360
1	42	1	389
1	42	1	302
1	42	1	357
1	42	1	374
1	42	1	358
1	42	1	301
1	42	1	302
1	42	1	342
1	42	1	372
1	42	1	373
1	42	1	346
1	42	1	296
1	42	1	436
1	42	1	407
1	42	1	440
1	42	1	353
1	42	1	353
1	42	1	322
1	42	1	337
1	42	1	336
1	42	1	372
1	42	1	372
1	42	1	351
1	42	1	310
1	42	1	381
1	42	1	365
1	42	1	391
1	42	1	356
1	42	1	267
1	42	1	335
1	42	1	301
1	42	1	485
1	42	1	341
1	42	1	285
1	42	1	383
1	42	1	324
1	42	1	269
1	42	1	357
1	42	1	345
1	42	1	333
1	42	1	374
1	42	1	325
1	42	1	314
1	42	1	301
1	42	1	296
1	42	1	369
1	42	1	414
1	42	1	381
1	42	2	290
1	42	1	280
1	42	2	290
1	42	1	301
1	42	1	338
1	42	1	316
1	42	1	436
1	42	1	354
1	42	1	338
1	42	1	348
1	42	1	375
1	42	1	242
1	42	2	226
1	42	1	339
1	42	1	297
1	42	1	222
1	42	1	344
1	42	1	312
1	42	1	310
1	42	1	389
1	42	1	385
1	42	1	356
1	42	1	277
1	42	1	351
1	42	1	393
1	42	1	370
1	42	1	278
1	42	1	311
1	42	1	360
1	42	1	363
1	42	1	414
1	42	1	246
1	42	1	304
1	42	1	311
1	42	1	287
1	42	1	298
1	42	1	255
1	42	1	299
1	42	1	347
1	42	1	339
1	42	1	338
1	42	1	324
1	42	1	306
1	42	1	338
1	42	1	315
1	42	2	249
1	42	1	350
1	42	1	328
1	42	1	319
1	42	1	273
1	43	1	413
1	43	1	354
1	43	1	336
1	43	1	331
1	43	1	303
1	43	1	354
1	43	1	401
1	43	1	388
1	43	1	404
1	43	1	266
1	43	1	366
1	43	1	318
1	43	1	466
1	43	1	366
1	43	1	359
1	43	1	401
1	43	1	350
1	43	1	348
1	43	1	307
1	43	1	339
1	43	1	336
1	43	1	402
1	43	1	290
1	43	1	367
1	43	1	288
1	43	1	368
1	43	1	318
1	43	1	417
1	43	1	379
1	43	1	367
1	43	1	301
1	43	1	352
1	43	1	488
1	43	1	432
1	43	1	384
1	43	1	285
1	43	1	357
1	43	1	367
1	43	1	334
1	43	1	391
1	43	1	415
1	43	1	355
1	43	1	390
1	43	2	281
1	43	1	320
1	43	1	387
1	43	1	241
1	43	1	318
1	43	1	318
1	43	1	347
1	43	1	341
1	43	1	341
1	43	1	366
1	43	1	363
1	43	1	417
1	43	1	349
1	43	1	279
1	43	1	306
1	43	1	344
1	43	1	358
1	43	1	307
1	43	2	236
1	43	1	340
1	43	1	385
1	43	1	303
1	43	1	389
1	43	1	385
1	43	1	709
1	43	1	324
1	43	1	271
1	43	1	390
1	43	1	322
1	43	1	299
1	43	1	325
1	43	1	294
1	43	1	289
1	43	1	255
1	43	1	273
1	43	1	301
1	43	1	340
1	43	1	383
1	43	1	314
1	43	1	285
1	43	1	296
1	43	1	346
1	43	1	309
1	43	1	290
1	43	1	307
1	43	1	351
1	43	1	398
1	43	2	222
1	43	1	345
1	43	1	277
1	43	1	318
1	43	1	260
1	43	2	173
1	43	1	302
1	43	1	406
1	43	1	280
1	43	1	346
1	43	1	467
1	43	1	342
1	43	1	420
1	43	1	320
1	43	1	315
1	43	1	393
1	43	1	351
1	43	1	276
1	43	1	329
1	43	1	283
1	43	1	339
1	43	1	329
1	43	1	294
1	43	1	276
1	43	1	288
1	43	1	293
1	43	1	355
1	43	1	321
1	43	1	330
1	43	1	289
1	43	1	387
1	43	1	319
1	43	1	332
1	43	1	329
1	43	1	269
1	43	1	305
1	43	1	349
1	43	1	331
1	43	2	244
1	43	1	330
1	43	1	355
1	43	1	275
1	43	1	271
1	43	1	352
1	43	1	309
1	43	2	307
1	43	1	314
1	43	1	279
1	43	1	311
1	43	1	304
1	43	1	291
1	43	1	311
1	43	2	324
1	43	1	336
1	43	1	396
1	44	1	319
1	44	1	309
1	44	1	407
1	44	1	330
1	44	1	353
1	44	1	483
1	44	1	354
1	44	1	364
1	44	1	366
1	44	1	426
1	44	1	426
1	44	1	347
1	44	1	399
1	44	1	434
1	44	1	422
1	44	1	433
1	44	1	374
1	44	1	383
1	44	1	347
1	44	1	319
1	44	1	319
1	44	1	324
1	44	1	360
1	44	1	358
1	44	1	319
1	44	1	388
1	44	1	449
1	44	1	405
1	44	1	406
1	44	1	356
1	44	1	352
1	44	1	417
1	44	1	411
1	44	1	388
1	44	1	299
1	44	1	350
1	44	1	388
1	44	1	322
1	44	1	378
1	44	1	422
1	44	1	339
1	44	1	440
1	44	1	420
1	44	1	401
1	44	1	482
1	44	1	373
1	44	1	416
1	44	1	436
1	44	1	335
1	44	1	433
1	44	1	303
1	44	1	426
1	44	1	343
1	44	1	336
1	44	1	358
1	44	1	343
1	44	1	342
1	44	1	320
1	44	1	336
1	44	1	373
1	44	1	325
1	44	1	375
1	44	1	432
1	44	1	355
1	44	1	371
1	44	1	363
1	44	1	333
1	44	1	356
1	44	1	340
1	44	1	450
1	44	1	333
1	44	1	335
1	44	1	341
1	44	1	312
1	44	1	395
1	44	1	356
1	44	1	286
1	44	1	308
1	44	1	321
1	44	1	319
1	44	1	273
1	44	1	288
1	44	1	325
1	44	1	347
1	44	1	290
1	44	1	373
1	44	1	373
1	44	1	503
1	44	1	363
1	44	1	424
1	44	1	704
1	44	1	432
1	44	1	351
1	44	1	288
1	44	1	372
1	44	1	246
1	44	1	323
1	44	1	325
1	44	1	296
1	44	1	330
1	44	1	340
1	44	1	330
1	44	1	306
1	44	1	297
1	44	1	342
1	44	1	286
1	44	1	280
1	44	1	246
1	44	1	292
1	44	1	374
1	44	1	495
1	44	1	325
1	44	1	276
1	44	1	315
1	44	1	333
1	44	1	240
1	44	1	318
1	44	1	352
1	44	1	277
1	44	1	442
1	44	1	297
1	44	1	377
1	44	1	377
1	44	1	284
1	44	1	334
1	44	1	293
1	44	1	248
1	44	1	426
1	44	1	337
1	44	1	295
1	44	1	347
1	44	1	386
1	44	1	329
1	44	1	366
1	44	1	354
1	44	1	232
1	44	1	353
1	44	1	404
1	44	1	291
1	44	1	303
1	44	1	354
1	44	1	295
1	44	1	298
1	44	1	266
1	44	1	249
1	44	1	340
1	44	1	305
1	44	1	288
1	44	1	311
1	44	1	270
1	44	1	314
1	44	1	271
1	44	1	360
1	44	1	323
1	44	1	238
1	44	1	364
1	44	2	267
1	44	1	335
1	44	1	274
1	44	1	308
1	44	1	315
1	44	1	289
1	44	1	277
1	44	1	274
1	44	1	329
1	44	1	337
1	44	1	355
1	44	1	228
1	44	1	262
1	44	1	364
1	45	1	271
1	45	1	521
1	45	2	317
1	45	1	351
1	45	1	455
1	45	1	430
1	45	1	383
1	45	1	353
1	45	1	367
1	45	1	372
1	45	1	354
1	45	1	394
1	45	1	366
1	45	1	367
1	45	1	306
1	45	1	457
1	45	1	398
1	45	1	374
1	45	1	375
1	45	1	358
1	45	1	429
1	45	1	382
1	45	1	389
1	45	1	434
1	45	1	392
1	45	1	373
1	45	1	352
1	45	1	319
1	45	1	368
1	45	1	371
1	45	1	391
1	45	1	388
1	45	1	301
1	45	1	417
1	45	1	415
1	45	1	381
1	45	1	389
1	45	1	336
1	45	1	436
1	45	1	368
1	45	1	392
1	45	1	405
1	45	1	456
1	45	1	357
1	45	1	432
1	45	1	317
1	45	1	340
1	45	1	422
1	45	1	427
1	45	1	319
1	45	1	325
1	45	1	456
1	45	1	385
1	45	1	368
1	45	1	420
1	45	1	297
1	45	1	387
1	45	1	367
1	45	1	330
1	45	1	319
1	45	1	334
1	45	1	367
1	45	1	371
1	45	1	386
1	45	1	340
1	45	1	408
1	45	1	490
1	45	1	310
1	45	1	406
1	45	1	434
1	45	1	318
1	45	1	317
1	45	1	375
1	45	1	353
1	45	1	407
1	45	1	303
1	45	1	324
1	45	1	439
1	45	1	317
1	45	1	277
1	45	1	324
1	45	1	390
1	45	1	349
1	45	1	291
1	45	1	343
1	45	1	368
1	45	1	348
1	45	1	320
1	45	1	369
1	45	1	525
1	45	1	434
1	45	1	384
1	45	1	647
1	45	1	355
1	45	2	462
1	45	1	362
1	45	1	277
1	45	1	322
1	45	1	373
1	45	1	533
1	45	1	357
1	45	1	406
1	45	1	276
1	45	1	313
1	45	2	273
1	45	1	344
1	45	1	286
1	45	1	252
1	45	1	252
1	45	1	308
1	45	1	331
1	45	2	306
1	45	1	302
1	45	1	286
1	45	1	344
1	45	1	312
1	45	1	370
1	45	1	304
1	45	2	221
1	45	1	286
1	45	1	343
1	45	1	345
1	45	1	293
1	45	2	268
1	45	1	360
1	45	2	272
1	45	1	303
1	45	1	437
1	45	1	343
1	45	1	307
1	45	1	255
1	45	1	418
1	45	1	408
1	45	1	303
1	45	1	312
1	45	1	309
1	45	1	381
1	45	1	481
1	45	2	257
1	45	1	476
1	45	1	469
1	45	1	313
1	45	1	366
1	45	1	250
1	45	1	357
1	45	1	507
1	45	1	490
1	45	1	261
1	45	1	254
1	45	1	281
1	45	1	319
1	45	1	303
1	45	1	292
1	45	1	271
1	45	1	321
1	45	1	331
1	45	1	398
1	45	1	339
1	45	1	325
1	45	1	342
1	45	1	295
1	45	1	256
1	45	1	319
1	45	1	396
1	45	1	346
1	45	1	313
1	45	1	356
1	45	1	345
1	46	1	456
1	46	1	320
1	46	1	337
1	46	1	476
1	46	1	420
1	46	1	531
1	46	1	470
1	46	1	433
1	46	1	268
1	46	1	332
1	46	1	514
1	46	1	371
1	46	1	436
1	46	1	396
1	46	1	421
1	46	1	371
1	46	1	359
1	46	1	454
1	46	1	416
1	46	1	397
1	46	1	404
1	46	1	319
1	46	1	423
1	46	1	532
1	46	1	508
1	46	1	387
1	46	1	339
1	46	1	391
1	46	1	447
1	46	1	446
1	46	1	386
1	46	1	308
1	46	2	429
1	46	1	325
1	46	1	360
1	46	1	406
1	46	1	340
1	46	1	463
1	46	1	384
1	46	1	450
1	46	1	432
1	46	1	352
1	46	1	401
1	46	1	334
1	46	1	249
1	46	1	350
1	46	1	409
1	46	1	333
1	46	1	302
1	46	1	319
1	46	1	307
1	46	1	287
1	46	1	303
1	46	1	384
1	46	1	437
1	46	2	369
1	46	1	408
1	46	1	340
1	46	1	468
1	46	2	379
1	46	1	438
1	46	1	383
1	46	1	543
1	46	1	448
1	46	1	399
1	46	1	372
1	46	1	416
1	46	1	334
1	46	1	283
1	46	1	318
1	46	1	416
1	46	1	457
1	46	2	459
1	46	1	335
1	46	1	273
1	46	1	340
1	46	1	403
1	46	1	518
1	46	1	302
1	46	1	416
1	46	1	375
1	46	1	341
1	46	1	425
1	46	1	435
1	46	1	508
1	46	1	402
1	46	1	352
1	46	1	342
1	46	1	379
1	46	1	358
1	46	1	426
1	46	1	335
1	46	1	385
1	46	1	376
1	46	1	400
1	46	1	451
1	46	2	552
1	46	1	318
1	46	1	366
1	46	1	422
1	46	1	364
1	46	1	400
1	46	1	365
1	46	1	401
1	46	1	335
1	46	1	323
1	46	1	435
1	46	2	267
1	46	1	346
1	46	1	384
1	46	1	374
1	46	1	436
1	46	1	575
1	46	1	356
1	46	1	656
1	46	1	363
1	46	1	319
1	46	1	374
1	46	1	338
1	46	1	392
1	46	1	377
1	46	1	360
1	46	2	345
1	46	1	371
1	46	2	494
1	46	2	367
1	46	1	439
1	46	1	471
1	46	1	433
1	46	1	413
1	46	1	581
1	46	1	447
1	46	1	306
1	46	1	325
1	46	1	303
1	46	1	327
1	46	1	320
1	46	1	357
1	46	2	257
1	46	1	307
1	46	1	300
1	46	1	390
1	46	1	440
1	46	1	363
1	46	1	344
1	46	1	513
1	46	1	204
1	46	1	461
1	46	1	307
1	46	1	381
1	46	1	323
1	46	2	249
1	46	1	283
1	46	1	321
1	46	2	320
1	46	1	225
1	46	1	291
1	46	1	330
1	46	1	297
1	46	1	274
1	46	1	410
1	46	1	389
1	46	1	309
1	46	1	446
1	46	1	378
1	46	1	271
1	46	1	471
1	46	1	359
1	46	1	466
1	46	1	324
1	46	1	369
1	46	1	414
1	46	1	386
1	46	2	395
1	46	1	312
1	46	1	329
1	46	1	535
1	46	1	435
1	46	1	339
1	46	1	287
1	46	1	370
1	46	1	325
1	46	2	331
1	46	1	375
1	46	1	273
1	46	1	361
1	46	1	315
1	46	2	318
1	46	1	331
1	46	1	358
1	46	1	349
1	46	1	290
1	46	1	281
1	46	1	290
1	46	1	458
1	46	1	277
1	46	1	271
1	46	1	317
1	46	1	318
1	46	1	324
1	46	1	491
1	46	1	491
1	46	1	353
1	46	1	339
1	46	1	363
1	46	1	420
1	47	1	482
1	47	2	399
1	47	1	398
1	47	1	365
1	47	1	339
1	47	1	331
1	47	1	405
1	47	1	453
1	47	1	365
1	47	1	383
1	47	1	372
1	47	1	382
1	47	1	450
1	47	1	431
1	47	1	382
1	47	1	384
1	47	1	354
1	47	1	518
1	47	2	414
1	47	1	308
1	47	1	372
1	47	1	302
1	47	1	462
1	47	1	323
1	47	1	643
1	47	1	357
1	47	1	400
1	47	1	364
1	47	1	340
1	47	1	551
1	47	1	539
1	47	1	394
1	47	1	356
1	47	1	400
1	47	1	307
1	47	1	310
1	47	1	390
1	47	1	435
1	47	1	424
1	47	2	378
1	47	2	450
1	47	1	357
1	47	1	535
1	47	1	450
1	47	1	317
1	47	1	315
1	47	1	284
1	47	1	579
1	47	1	390
1	47	1	355
1	47	1	486
1	47	1	396
1	47	1	402
1	47	1	332
1	47	2	391
1	47	1	401
1	47	1	350
1	47	2	479
1	47	1	368
1	47	2	917
1	47	1	354
1	47	1	390
1	47	1	369
1	47	1	403
1	47	2	527
1	47	1	355
1	47	1	400
1	47	2	497
1	47	1	355
1	47	1	502
1	47	1	435
1	47	1	372
1	47	1	467
1	47	1	306
1	47	1	419
1	47	1	374
1	47	1	343
1	47	1	628
1	47	1	360
1	47	1	319
1	47	1	344
1	47	1	408
1	47	1	358
1	47	1	422
1	47	1	333
1	47	1	318
1	47	1	369
1	47	1	443
1	47	2	319
1	47	1	288
1	47	1	317
1	47	1	459
1	47	2	397
1	47	2	399
1	47	1	390
1	47	2	379
1	47	2	352
1	47	2	396
1	47	2	429
1	47	1	384
1	47	1	465
1	47	1	356
1	47	1	352
1	47	1	422
1	47	1	338
1	47	1	346
1	47	1	358
1	47	1	306
1	47	1	411
1	47	2	258
1	47	1	424
1	47	1	343
1	47	2	275
1	47	1	291
1	47	1	338
1	47	2	295
1	47	1	329
1	47	2	308
1	47	1	361
1	47	2	293
1	47	1	360
1	47	1	331
1	47	1	291
1	47	2	305
1	47	1	414
1	47	1	363
1	47	1	282
1	47	2	243
1	47	1	586
1	47	1	272
1	47	1	407
1	47	1	425
1	47	1	354
1	47	1	490
1	47	1	306
1	47	1	488
1	47	2	333
1	47	2	241
1	47	1	304
1	47	1	419
1	47	1	379
1	47	1	478
1	47	1	355
1	47	1	334
1	47	1	322
1	47	1	388
1	47	1	362
1	47	2	266
1	47	1	343
1	47	1	343
1	47	1	305
1	47	1	325
1	47	1	346
1	47	1	355
1	47	2	318
1	47	1	306
1	47	1	309
1	47	1	294
1	47	1	549
1	47	1	314
1	47	1	279
1	47	1	332
1	47	1	356
1	47	2	317
1	47	1	423
1	47	1	317
1	47	2	268
1	47	1	290
1	47	1	308
1	47	1	249
1	47	1	473
1	47	1	366
1	47	1	367
1	47	1	380
1	47	1	315
1	47	1	312
1	47	1	313
1	47	1	440
1	48	2	410
1	48	1	531
1	48	1	337
1	48	1	419
1	48	1	466
1	48	1	566
1	48	1	443
1	48	1	565
1	48	1	383
1	48	1	409
1	48	1	381
1	48	1	322
1	48	2	461
1	48	1	531
1	48	1	366
1	48	1	450
1	48	2	395
1	48	1	456
1	48	1	341
1	48	1	468
1	48	1	350
1	48	1	395
1	48	2	350
1	48	1	466
1	48	1	344
1	48	1	338
1	48	1	639
1	48	1	400
1	48	2	709
1	48	1	424
1	48	1	366
1	48	1	439
1	48	1	450
1	48	1	488
1	48	1	483
1	48	2	434
1	48	1	488
1	48	2	442
1	48	1	465
1	48	1	401
1	48	1	365
1	48	1	361
1	48	2	702
1	48	1	429
1	48	2	478
1	48	1	341
1	48	2	513
1	48	2	363
1	48	2	427
1	48	1	381
1	48	1	382
1	48	1	448
1	48	1	407
1	48	1	458
1	48	1	432
1	48	2	466
1	48	1	415
1	48	1	529
1	48	2	400
1	48	1	493
1	48	1	390
1	48	1	315
1	48	1	302
1	48	1	339
1	48	2	319
1	48	1	339
1	48	2	432
1	48	1	682
1	48	2	450
1	48	1	374
1	48	2	396
1	48	2	222
1	48	2	382
1	48	1	341
1	48	1	360
1	48	2	280
1	48	1	394
1	48	2	561
1	48	2	364
1	48	2	561
1	48	1	454
1	48	1	446
1	48	1	370
1	48	1	350
1	48	2	543
1	48	1	355
1	48	1	438
1	48	1	483
1	48	2	302
1	48	1	323
1	48	1	384
1	48	2	285
1	48	1	308
1	48	1	454
1	48	1	369
1	48	1	374
1	48	1	473
1	48	1	469
1	48	2	308
1	48	1	435
1	48	1	345
1	48	1	451
1	48	1	449
1	48	1	501
1	48	1	391
1	48	1	438
1	48	1	387
1	48	2	371
1	48	2	370
1	48	1	429
1	48	2	547
1	48	2	253
1	48	1	284
1	48	1	594
1	48	2	353
1	48	1	443
1	48	1	428
1	48	1	424
1	48	1	423
1	48	1	681
1	48	2	384
1	48	1	481
1	48	1	849
1	48	1	342
1	48	1	371
1	48	1	307
1	48	1	315
1	48	1	300
1	48	1	291
1	48	1	317
1	48	1	492
1	48	1	308
1	48	1	376
1	48	1	398
1	48	2	332
1	48	1	364
1	48	2	398
1	48	1	373
1	48	1	269
1	48	1	319
1	48	1	270
1	48	1	365
1	48	1	380
1	48	1	297
1	48	1	323
1	48	1	275
1	48	1	351
1	48	1	358
1	48	1	282
1	48	1	320
1	48	1	420
1	48	1	350
1	48	2	410
1	48	2	280
1	48	2	540
1	48	2	325
1	48	1	325
1	48	1	451
1	48	1	395
1	48	1	321
1	48	1	352
1	48	1	353
1	48	1	361
1	48	1	328
1	48	2	205
1	48	1	437
1	48	1	345
1	48	1	420
1	48	1	379
1	48	1	339
1	48	1	431
1	48	2	290
1	48	1	321
1	48	1	273
1	48	1	462
1	48	1	402
1	48	1	345
1	48	1	421
1	48	2	406
1	48	2	565
1	48	1	291
1	48	1	315
1	48	2	351
1	48	1	323
1	48	2	350
1	48	1	275
1	48	1	291
1	48	2	374
1	48	2	282
1	48	2	404
1	48	1	357
1	48	1	455
1	48	2	345
1	48	1	273
1	48	2	423
1	48	1	347
1	48	1	297
1	48	1	356
1	48	1	504
1	48	1	301
1	48	1	373
1	48	1	255
1	48	1	445
1	48	1	521
1	48	1	293
1	48	1	398
1	48	1	295
1	48	1	290
1	48	1	359
1	48	1	398
1	48	1	375
1	48	1	395
1	48	1	328
1	49	1	253
1	49	1	614
1	49	1	437
1	49	1	546
1	49	1	355
1	49	1	350
1	49	2	345
1	49	2	425
1	49	1	337
1	49	1	373
1	49	2	450
1	49	2	394
1	49	1	438
1	49	2	494
1	49	1	499
1	49	2	379
1	49	1	489
1	49	2	401
1	49	2	544
1	49	1	567
1	49	1	487
1	49	1	418
1	49	1	435
1	49	1	506
1	49	1	369
1	49	1	452
1	49	1	400
1	49	2	580
1	49	2	583
1	49	2	464
1	49	2	477
1	49	1	368
1	49	1	417
1	49	1	338
1	49	1	323
1	49	2	483
1	49	2	384
1	49	2	604
1	49	1	405
1	49	2	363
1	49	1	269
1	49	1	395
1	49	1	318
1	49	2	445
1	49	1	497
1	49	2	427
1	49	1	441
1	49	1	473
1	49	1	501
1	49	2	528
1	49	1	314
1	49	1	464
1	49	2	410
1	49	1	351
1	49	2	314
1	49	2	535
1	49	1	490
1	49	1	468
1	49	1	400
1	49	2	400
1	49	2	417
1	49	2	368
1	49	2	368
1	49	1	492
1	49	2	394
1	49	2	451
1	49	2	474
1	49	2	376
1	49	1	340
1	49	1	440
1	49	2	329
1	49	2	402
1	49	1	334
1	49	1	407
1	49	1	360
1	49	2	362
1	49	2	380
1	49	1	431
1	49	2	395
1	49	1	453
1	49	2	304
1	49	2	429
1	49	1	385
1	49	2	414
1	49	2	354
1	49	1	519
1	49	1	435
1	49	1	579
1	49	1	253
1	49	2	357
1	49	1	392
1	49	1	517
1	49	2	367
1	49	1	506
1	49	2	412
1	49	2	402
1	49	2	308
1	49	2	337
1	49	2	331
1	49	2	336
1	49	1	402
1	49	2	410
1	49	1	307
1	49	1	451
1	49	1	352
1	49	2	386
1	49	2	219
1	49	1	375
1	49	1	500
1	49	1	360
1	49	2	308
1	49	1	533
1	49	2	357
1	49	2	461
1	49	2	353
1	49	1	410
1	49	2	394
1	49	1	383
1	49	2	409
1	49	1	256
1	49	1	316
1	49	1	469
1	49	2	386
1	49	1	256
1	49	1	313
1	49	1	422
1	49	1	313
1	49	1	346
1	49	1	330
1	49	1	340
1	49	1	389
1	49	1	324
1	49	1	439
1	49	2	341
1	49	1	487
1	49	1	260
1	49	2	252
1	49	1	312
1	49	1	378
1	49	1	387
1	49	2	373
1	49	2	221
1	49	2	292
1	49	2	342
1	49	1	365
1	49	2	450
1	49	1	358
1	49	1	599
1	49	2	336
1	49	1	325
1	49	1	346
1	49	1	318
1	49	1	533
1	49	1	396
1	49	2	302
1	49	2	275
1	49	2	333
1	49	1	342
1	49	1	295
1	49	2	324
1	49	1	310
1	49	1	460
1	49	1	425
1	49	1	431
1	49	2	421
1	49	2	377
1	49	2	342
1	49	1	401
1	49	1	321
1	49	1	314
1	49	1	370
1	49	1	285
1	49	1	374
1	49	1	407
1	49	1	495
1	49	1	419
1	49	1	472
1	49	1	533
1	49	1	278
1	49	1	436
1	49	1	298
1	49	2	335
1	49	1	471
1	49	1	297
1	49	1	288
1	49	2	326
1	49	1	388
1	49	1	447
1	49	2	314
1	49	1	444
1	49	1	408
1	49	1	422
1	49	1	370
1	49	2	336
1	49	1	310
1	49	1	293
1	49	2	323
1	49	1	307
1	49	1	278
1	49	1	438
1	49	1	313
1	49	2	530
1	49	1	414
1	49	1	314
1	49	1	366
1	49	1	289
1	49	1	288
1	49	2	354
1	49	1	399
1	50	2	353
1	50	2	559
1	50	1	485
1	50	2	416
1	50	1	423
1	50	2	487
1	50	2	435
1	50	2	455
1	50	2	378
1	50	1	510
1	50	1	504
1	50	2	810
1	50	1	448
1	50	1	432
1	50	1	422
1	50	1	434
1	50	2	445
1	50	1	322
1	50	2	312
1	50	2	425
1	50	2	350
1	50	2	447
1	50	2	420
1	50	2	441
1	50	1	378
1	50	2	433
1	50	2	376
1	50	1	476
1	50	1	325
1	50	2	567
1	50	2	485
1	50	1	347
1	50	2	434
1	50	2	382
1	50	2	435
1	50	2	473
1	50	2	424
1	50	1	466
1	50	1	495
1	50	2	545
1	50	2	363
1	50	2	396
1	50	2	483
1	50	2	542
1	50	2	364
1	50	2	407
1	50	2	402
1	50	2	412
1	50	2	446
1	50	2	316
1	50	1	372
1	50	1	488
1	50	1	550
1	50	2	401
1	50	1	367
1	50	2	343
1	50	2	334
1	50	1	555
1	50	2	418
1	50	1	516
1	50	1	324
1	50	2	505
1	50	2	444
1	50	1	279
1	50	1	368
1	50	1	527
1	50	2	336
1	50	2	336
1	50	2	350
1	50	2	222
1	50	2	454
1	50	1	374
1	50	1	369
1	50	2	437
1	50	2	712
1	50	2	380
1	50	2	370
1	50	2	395
1	50	2	318
1	50	1	443
1	50	2	450
1	50	2	367
1	50	1	415
1	50	2	427
1	50	2	395
1	50	1	466
1	50	1	472
1	50	2	362
1	50	2	346
1	50	1	317
1	50	2	458
1	50	2	345
1	50	2	352
1	50	2	412
1	50	1	409
1	50	1	420
1	50	1	312
1	50	1	318
1	50	2	385
1	50	2	312
1	50	2	269
1	50	2	296
1	50	2	347
1	50	1	454
1	50	2	203
1	50	2	294
1	50	1	463
1	50	1	274
1	50	1	416
1	50	1	442
1	50	1	537
1	50	2	583
1	50	1	473
1	50	2	353
1	50	1	367
1	50	1	391
1	50	2	301
1	50	2	429
1	50	2	386
1	50	2	367
1	50	1	341
1	50	2	331
1	50	2	317
1	50	2	353
1	50	2	323
1	50	2	407
1	50	2	307
1	50	2	307
1	50	2	234
1	50	2	201
1	50	1	426
1	50	2	426
1	50	2	337
1	50	2	419
1	50	1	277
1	50	2	386
1	50	2	330
1	50	2	424
1	50	2	244
1	50	2	322
1	50	2	299
1	50	2	321
1	50	2	531
1	50	1	378
1	50	2	371
1	50	2	401
1	50	1	310
1	50	2	398
1	50	2	410
1	50	1	388
1	50	1	322
1	50	2	441
1	50	2	399
1	50	2	398
1	50	1	454
1	50	2	387
1	50	1	506
1	50	1	476
1	50	2	333
1	50	1	602
1	50	2	333
1	50	2	351
1	50	2	324
1	50	2	351
1	50	2	326
1	50	2	336
1	50	2	299
1	50	2	309
1	50	2	349
1	50	2	334
1	50	1	382
1	50	2	486
1	50	1	457
1	50	1	393
1	50	2	403
1	50	2	342
1	50	2	298
1	50	1	451
1	50	1	362
1	50	2	301
1	50	1	380
1	50	2	449
1	50	2	364
1	50	2	377
1	50	2	364
1	50	1	467
1	50	1	430
1	50	1	453
1	50	2	319
1	50	2	375
1	50	1	500
1	50	1	422
1	50	1	339
1	50	1	368
1	50	1	341
1	50	1	384
1	50	1	289
1	50	1	454
1	50	2	395
1	50	1	377
1	51	1	501
1	51	2	415
1	51	2	216
1	51	2	349
1	51	2	326
1	51	2	385
1	51	1	404
1	51	2	476
1	51	2	411
1	51	2	318
1	51	1	463
1	51	2	443
1	51	2	477
1	51	2	439
1	51	1	299
1	51	1	409
1	51	2	422
1	51	2	365
1	51	2	368
1	51	1	476
1	51	2	377
1	51	2	514
1	51	1	420
1	51	2	435
1	51	1	413
1	51	2	365
1	51	2	500
1	51	2	416
1	51	2	444
1	51	2	459
1	51	1	339
1	51	2	424
1	51	1	388
1	51	2	395
1	51	2	436
1	51	1	340
1	51	2	528
1	51	2	577
1	51	1	407
1	51	2	475
1	51	2	394
1	51	2	418
1	51	1	425
1	51	2	461
1	51	2	337
1	51	1	611
1	51	2	457
1	51	1	502
1	51	2	466
1	51	2	434
1	51	2	468
1	51	2	373
1	51	2	378
1	51	2	351
1	51	2	446
1	51	1	533
1	51	2	571
1	51	2	361
1	51	1	366
1	51	1	466
1	51	2	403
1	51	2	312
1	51	1	422
1	51	2	373
1	51	2	436
1	51	2	352
1	51	2	430
1	51	1	500
1	51	2	385
1	51	1	336
1	51	2	400
1	51	2	424
1	51	2	349
1	51	2	353
1	51	2	529
1	51	2	382
1	51	2	415
1	51	2	303
1	51	2	554
1	51	2	371
1	51	2	386
1	51	2	330
1	51	1	358
1	51	2	381
1	51	2	353
1	51	2	486
1	51	2	399
1	51	2	488
1	51	2	408
1	51	2	591
1	51	2	328
1	51	2	388
1	51	2	335
1	51	2	295
1	51	2	460
1	51	2	385
1	51	2	347
1	51	2	434
1	51	2	430
1	51	2	336
1	51	1	274
1	51	2	317
1	51	2	354
1	51	2	352
1	51	2	288
1	51	2	336
1	51	2	366
1	51	2	341
1	51	2	369
1	51	2	319
1	51	1	408
1	51	2	336
1	51	2	329
1	51	2	446
1	51	2	411
1	51	2	337
1	51	2	366
1	51	2	306
1	51	2	324
1	51	2	341
1	51	2	402
1	51	2	335
1	51	2	387
1	51	2	405
1	51	2	426
1	51	2	2208
1	51	2	490
1	51	2	469
1	51	1	522
1	51	2	318
1	51	2	461
1	51	1	316
1	51	2	517
1	51	2	362
1	51	2	507
1	51	2	298
1	51	2	394
1	51	2	354
1	51	2	323
1	51	2	343
1	51	2	319
1	51	2	360
1	51	2	326
1	51	2	434
1	51	1	361
1	51	2	377
1	51	2	303
1	51	2	358
1	51	2	339
1	51	2	328
1	51	2	494
1	51	1	471
1	51	1	328
1	51	1	310
1	51	2	276
1	51	1	364
1	51	2	455
1	51	2	321
1	51	2	276
1	51	2	298
1	51	2	334
1	51	2	338
1	51	2	336
1	51	1	255
1	51	2	260
1	51	2	259
1	51	2	339
1	51	1	326
1	51	2	233
1	51	2	230
1	51	2	375
1	51	1	422
1	51	2	392
1	51	2	322
1	51	1	376
1	51	2	430
1	51	2	365
1	51	1	437
1	51	2	267
1	51	2	344
1	51	2	307
1	51	2	598
1	51	2	339
1	51	1	303
1	51	2	333
1	51	2	350
1	51	2	367
1	51	2	318
1	51	2	382
1	51	2	356
1	51	1	284
1	51	2	317
1	51	2	271
1	51	1	405
1	51	2	317
1	51	1	564
1	51	2	395
1	51	2	363
1	51	2	339
1	51	2	315
1	51	1	411
1	51	1	278
1	51	2	325
1	51	1	399
1	51	2	318
1	51	2	358
1	51	2	276
1	51	2	293
1	51	2	443
1	51	2	253
1	51	2	336
1	51	2	347
1	51	2	297
1	51	2	342
1	51	1	974
1	51	2	386
1	51	1	307
1	51	2	369
1	51	1	422
1	52	2	353
1	52	2	311
1	52	2	310
1	52	1	619
1	52	2	485
1	52	2	333
1	52	2	396
1	52	2	398
1	52	1	454
1	52	2	346
1	52	2	484
1	52	1	317
1	52	2	426
1	52	2	364
1	52	2	427
1	52	2	362
1	52	2	316
1	52	2	566
1	52	1	351
1	52	2	367
1	52	2	335
1	52	2	311
1	52	2	395
1	52	2	408
1	52	1	453
1	52	1	508
1	52	2	366
1	52	2	400
1	52	2	372
1	52	2	550
1	52	2	512
1	52	2	417
1	52	2	399
1	52	2	521
1	52	1	377
1	52	2	344
1	52	2	361
1	52	2	460
1	52	2	395
1	52	2	543
1	52	1	415
1	52	2	386
1	52	1	467
1	52	2	419
1	52	1	477
1	52	2	405
1	52	2	363
1	52	2	414
1	52	2	328
1	52	1	473
1	52	2	428
1	52	2	427
1	52	2	528
1	52	2	384
1	52	2	427
1	52	2	352
1	52	2	388
1	52	2	435
1	52	1	467
1	52	2	405
1	52	2	402
1	52	2	412
1	52	1	394
1	52	2	417
1	52	2	363
1	52	2	347
1	52	2	407
1	52	2	331
1	52	2	336
1	52	2	373
1	52	1	456
1	52	2	452
1	52	2	253
1	52	2	304
1	52	2	331
1	52	2	330
1	52	2	375
1	52	2	348
1	52	2	479
1	52	2	388
1	52	1	440
1	52	2	383
1	52	2	430
1	52	2	354
1	52	2	408
1	52	2	370
1	52	2	328
1	52	2	411
1	52	2	428
1	52	2	445
1	52	2	350
1	52	2	321
1	52	2	329
1	52	2	396
1	52	2	381
1	52	2	303
1	52	2	348
1	52	2	335
1	52	2	369
1	52	2	288
1	52	2	347
1	52	2	547
1	52	2	319
1	52	2	254
1	52	2	365
1	52	2	363
1	52	2	279
1	52	2	420
1	52	2	337
1	52	2	305
1	52	2	363
1	52	2	368
1	52	2	430
1	52	2	429
1	52	2	435
1	52	2	308
1	52	1	616
1	52	2	563
1	52	1	427
1	52	2	366
1	52	2	377
1	52	1	307
1	52	2	395
1	52	2	383
1	52	2	553
1	52	2	329
1	52	2	336
1	52	2	349
1	52	2	366
1	52	2	385
1	52	2	332
1	52	2	319
1	52	2	290
1	52	1	285
1	52	2	275
1	52	2	275
1	52	2	330
1	52	1	341
1	52	2	320
1	52	2	286
1	52	2	290
1	52	2	338
1	52	2	425
1	52	2	293
1	52	2	354
1	52	1	299
1	52	2	311
1	52	1	275
1	52	2	273
1	52	2	328
1	52	2	241
1	52	2	210
1	52	2	304
1	52	2	304
1	52	2	293
1	52	2	339
1	52	2	208
1	52	2	319
1	52	1	438
1	52	2	372
1	52	2	255
1	52	1	498
1	52	2	305
1	52	2	515
1	52	2	329
1	52	2	399
1	52	1	433
1	52	1	436
1	52	2	481
1	52	2	448
1	52	2	417
1	52	2	405
1	52	2	307
1	52	2	323
1	52	2	405
1	52	1	313
1	52	2	367
1	52	2	404
1	52	2	349
1	52	2	318
1	52	2	284
1	52	2	347
1	52	2	401
1	52	2	290
1	52	2	350
1	52	1	428
1	52	2	319
1	52	1	403
1	52	2	371
1	52	2	383
1	52	1	534
1	52	2	544
1	52	2	322
1	52	2	291
1	52	2	369
1	52	2	316
1	52	2	384
1	52	2	326
1	52	2	350
1	52	1	366
1	52	2	283
1	52	2	419
1	52	2	559
1	52	2	373
1	52	2	530
1	52	2	307
1	52	1	436
1	52	2	449
1	53	2	481
1	53	2	327
1	53	2	437
1	53	2	343
1	53	1	381
1	53	2	444
1	53	2	451
1	53	2	345
1	53	2	480
1	53	2	399
1	53	2	411
1	53	2	366
1	53	2	417
1	53	2	376
1	53	2	428
1	53	2	361
1	53	2	441
1	53	2	428
1	53	1	522
1	53	1	388
1	53	2	367
1	53	2	410
1	53	2	526
1	53	2	401
1	53	2	306
1	53	2	410
1	53	1	311
1	53	2	478
1	53	2	403
1	53	2	375
1	53	2	393
1	53	1	577
1	53	2	386
1	53	2	414
1	53	1	313
1	53	2	428
1	53	2	471
1	53	2	329
1	53	2	366
1	53	2	350
1	53	2	322
1	53	2	506
1	53	2	429
1	53	2	437
1	53	2	328
1	53	2	395
1	53	2	438
1	53	2	403
1	53	2	372
1	53	2	513
1	53	1	569
1	53	2	339
1	53	2	395
1	53	2	443
1	53	2	376
1	53	2	445
1	53	2	366
1	53	2	335
1	53	2	360
1	53	2	418
1	53	2	439
1	53	2	345
1	53	2	413
1	53	2	397
1	53	2	412
1	53	2	447
1	53	2	353
1	53	2	298
1	53	2	351
1	53	2	237
1	53	2	321
1	53	2	438
1	53	2	330
1	53	2	413
1	53	2	430
1	53	2	371
1	53	2	312
1	53	2	337
1	53	2	353
1	53	2	328
1	53	2	412
1	53	2	416
1	53	2	415
1	53	2	377
1	53	2	346
1	53	2	401
1	53	2	427
1	53	2	362
1	53	2	477
1	53	2	385
1	53	2	353
1	53	2	379
1	53	2	446
1	53	2	340
1	53	2	320
1	53	2	354
1	53	2	420
1	53	2	337
1	53	2	469
1	53	2	368
1	53	2	373
1	53	2	347
1	53	2	536
1	53	2	304
1	53	2	324
1	53	1	340
1	53	2	347
1	53	2	364
1	53	2	520
1	53	2	506
1	53	2	310
1	53	2	513
1	53	2	384
1	53	2	395
1	53	2	395
1	53	2	384
1	53	2	367
1	53	2	467
1	53	2	446
1	53	2	361
1	53	2	528
1	53	2	529
1	53	2	293
1	53	1	295
1	53	2	370
1	53	2	240
1	53	2	479
1	53	2	318
1	53	2	286
1	53	2	312
1	53	2	285
1	53	2	408
1	53	2	285
1	53	2	238
1	53	2	338
1	53	2	289
1	53	2	365
1	53	2	338
1	53	1	229
1	53	2	318
1	53	1	304
1	53	1	398
1	53	2	294
1	53	1	278
1	53	2	247
1	53	2	220
1	53	2	291
1	53	2	346
1	53	1	393
1	53	2	295
1	53	2	354
1	53	2	312
1	53	2	321
1	53	1	492
1	53	2	322
1	53	2	307
1	53	2	512
1	53	2	405
1	53	2	399
1	53	2	580
1	53	2	489
1	53	2	283
1	53	1	327
1	53	2	313
1	53	2	300
1	53	2	271
1	53	2	256
1	53	2	336
1	53	2	369
1	53	1	396
1	53	1	426
1	53	2	316
1	53	2	339
1	53	2	297
1	53	2	320
1	53	2	366
1	53	2	367
1	53	2	399
1	53	1	351
1	53	2	326
1	53	2	327
1	53	1	453
1	53	2	307
1	53	2	479
1	53	2	320
1	53	2	352
1	53	2	351
1	53	2	358
1	53	2	289
1	53	1	323
1	53	2	339
1	53	1	1114
1	53	2	343
1	53	2	378
1	53	2	338
1	53	2	317
1	53	2	348
1	53	2	478
1	53	2	388
1	53	2	420
1	54	2	324
1	54	2	359
1	54	2	404
1	54	2	364
1	54	2	333
1	54	1	412
1	54	2	396
1	54	1	379
1	54	2	435
1	54	2	371
1	54	2	345
1	54	2	411
1	54	2	300
1	54	2	345
1	54	2	342
1	54	2	412
1	54	2	595
1	54	2	462
1	54	2	393
1	54	2	404
1	54	2	411
1	54	2	444
1	54	2	402
1	54	2	402
1	54	1	464
1	54	2	351
1	54	2	419
1	54	2	284
1	54	2	400
1	54	2	346
1	54	2	466
1	54	2	395
1	54	2	387
1	54	2	438
1	54	2	416
1	54	2	336
1	54	2	518
1	54	2	387
1	54	2	416
1	54	2	463
1	54	2	400
1	54	2	408
1	54	2	468
1	54	2	463
1	54	2	528
1	54	2	409
1	54	2	334
1	54	2	330
1	54	1	301
1	54	2	311
1	54	2	416
1	54	2	395
1	54	2	511
1	54	2	363
1	54	2	363
1	54	2	345
1	54	2	363
1	54	1	474
1	54	2	353
1	54	2	356
1	54	1	350
1	54	2	396
1	54	2	435
1	54	2	411
1	54	2	378
1	54	2	377
1	54	2	350
1	54	2	451
1	54	2	327
1	54	2	319
1	54	2	451
1	54	2	450
1	54	1	451
1	54	1	451
1	54	2	319
1	54	2	365
1	54	2	344
1	54	2	345
1	54	2	385
1	54	2	345
1	54	2	371
1	54	2	398
1	54	2	343
1	54	2	238
1	54	2	315
1	54	2	248
1	54	2	343
1	54	2	364
1	54	2	429
1	54	2	525
1	54	2	365
1	54	2	514
1	54	2	296
1	54	2	367
1	54	2	383
1	54	2	326
1	54	2	416
1	54	1	405
1	54	2	330
1	54	2	444
1	54	2	394
1	54	2	335
1	54	2	363
1	54	2	395
1	54	2	362
1	54	2	414
1	54	2	271
1	54	2	348
1	54	2	278
1	54	2	302
1	54	2	387
1	54	2	411
1	54	2	452
1	54	2	369
1	54	2	381
1	54	2	236
1	54	2	248
1	54	2	252
1	54	2	236
1	54	2	370
1	54	2	325
1	54	2	348
1	54	2	319
1	54	2	334
1	54	2	352
1	54	1	291
1	54	2	488
1	54	2	404
1	54	2	608
1	54	2	286
1	54	2	329
1	54	2	449
1	54	2	349
1	54	2	306
1	54	2	334
1	54	2	336
1	54	2	307
1	54	2	317
1	54	2	308
1	54	2	255
1	54	2	446
1	54	2	284
1	54	1	307
1	54	2	309
1	54	2	278
1	54	2	285
1	54	2	367
1	54	2	399
1	54	2	342
1	54	2	425
1	54	1	325
1	54	2	404
1	54	2	302
1	54	2	287
1	54	2	870
1	54	2	255
1	54	2	278
1	54	1	285
1	54	2	306
1	54	2	337
1	54	2	420
1	54	2	349
1	54	2	380
1	54	2	530
1	54	2	334
1	54	2	308
1	54	2	271
1	54	2	288
1	54	2	388
1	54	2	365
1	54	2	368
1	54	2	349
1	54	2	328
1	54	2	388
1	54	2	358
1	54	2	336
1	54	1	344
1	54	2	351
1	54	2	367
1	54	2	330
1	54	2	321
1	54	2	323
1	54	2	336
1	54	2	332
1	54	2	368
1	54	2	326
1	54	2	328
1	54	2	276
1	54	2	320
1	54	2	399
1	54	2	350
1	54	2	368
1	54	2	446
1	54	2	338
1	54	1	395
1	54	2	285
1	55	2	414
1	55	2	367
1	55	2	352
1	55	2	412
1	55	2	332
1	55	2	433
1	55	2	296
1	55	2	297
1	55	2	400
1	55	2	350
1	55	2	366
1	55	2	443
1	55	1	404
1	55	2	412
1	55	2	483
1	55	2	400
1	55	2	417
1	55	2	364
1	55	2	406
1	55	2	396
1	55	2	333
1	55	2	384
1	55	2	367
1	55	2	387
1	55	2	404
1	55	2	422
1	55	2	297
1	55	2	385
1	55	2	393
1	55	1	373
1	55	2	382
1	55	2	376
1	55	2	379
1	55	2	483
1	55	2	350
1	55	2	367
1	55	2	395
1	55	2	320
1	55	2	411
1	55	2	393
1	55	2	403
1	55	2	318
1	55	2	420
1	55	2	336
1	55	2	469
1	55	2	435
1	55	2	369
1	55	2	355
1	55	2	362
1	55	2	351
1	55	2	327
1	55	2	365
1	55	2	362
1	55	2	357
1	55	2	377
1	55	2	377
1	55	2	383
1	55	2	378
1	55	2	382
1	55	2	374
1	55	2	335
1	55	2	382
1	55	2	286
1	55	2	304
1	55	2	265
1	55	2	314
1	55	2	414
1	55	2	348
1	55	2	393
1	55	2	345
1	55	2	351
1	55	2	329
1	55	2	362
1	55	2	353
1	55	2	390
1	55	2	398
1	55	2	395
1	55	2	313
1	55	2	286
1	55	2	386
1	55	2	355
1	55	2	346
1	55	2	340
1	55	2	313
1	55	2	413
1	55	2	363
1	55	2	303
1	55	2	348
1	55	2	462
1	55	2	313
1	55	2	334
1	55	2	377
1	55	2	384
1	55	2	507
1	55	2	466
1	55	2	296
1	55	2	494
1	55	2	342
1	55	2	333
1	55	2	273
1	55	2	257
1	55	2	335
1	55	2	419
1	55	2	302
1	55	2	257
1	55	2	402
1	55	1	202
1	55	2	390
1	55	1	269
1	55	2	303
1	55	2	255
1	55	2	351
1	55	2	282
1	55	2	320
1	55	2	352
1	55	2	315
1	55	2	199
1	55	2	269
1	55	2	256
1	55	2	350
1	55	2	385
1	55	2	316
1	55	2	323
1	55	2	305
1	55	2	357
1	55	1	304
1	55	2	349
1	55	2	304
1	55	2	339
1	55	2	333
1	55	2	350
1	55	2	317
1	55	2	381
1	55	2	366
1	55	2	316
1	55	2	344
1	55	1	294
1	55	2	336
1	55	1	292
1	55	2	308
1	55	2	307
1	55	2	301
1	55	2	374
1	55	2	294
1	55	2	320
1	55	2	335
1	55	2	292
1	55	2	348
1	55	2	337
1	55	1	265
1	55	2	367
1	55	2	374
1	55	2	320
1	55	2	284
1	55	1	489
1	55	2	408
1	55	1	308
1	55	2	377
1	55	2	307
1	55	2	287
1	55	2	408
1	55	2	367
1	56	2	464
1	56	2	365
1	56	2	329
1	56	2	361
1	56	2	418
1	56	1	504
1	56	2	408
1	56	1	309
1	56	2	554
1	56	2	377
1	56	2	330
1	56	2	579
1	56	2	416
1	56	2	414
1	56	2	287
1	56	2	313
1	56	2	351
1	56	2	357
1	56	2	389
1	56	2	468
1	56	2	479
1	56	2	379
1	56	2	329
1	56	2	428
1	56	2	351
1	56	2	513
1	56	2	384
1	56	2	452
1	56	2	378
1	56	2	366
1	56	2	379
1	56	2	298
1	56	2	386
1	56	2	386
1	56	2	319
1	56	2	365
1	56	2	385
1	56	2	395
1	56	2	460
1	56	2	354
1	56	2	394
1	56	2	352
1	56	2	369
1	56	2	393
1	56	2	287
1	56	2	335
1	56	1	326
1	56	2	324
1	56	2	319
1	56	2	397
1	56	2	420
1	56	2	426
1	56	2	387
1	56	2	295
1	56	2	369
1	56	2	302
1	56	2	438
1	56	2	327
1	56	2	404
1	56	2	328
1	56	2	318
1	56	2	395
1	56	2	333
1	56	2	321
1	56	2	356
1	56	2	376
1	56	2	387
1	56	2	319
1	56	2	371
1	56	2	346
1	56	2	356
1	56	2	302
1	56	2	323
1	56	2	300
1	56	2	333
1	56	2	382
1	56	2	331
1	56	2	341
1	56	2	381
1	56	2	348
1	56	2	365
1	56	2	364
1	56	2	443
1	56	1	347
1	56	2	329
1	56	2	367
1	56	2	543
1	56	1	1021
1	56	2	407
1	56	2	422
1	56	2	399
1	56	2	355
1	56	2	307
1	56	2	320
1	56	2	255
1	56	2	325
1	56	2	281
1	56	2	324
1	56	2	273
1	56	2	262
1	56	2	295
1	56	2	244
1	56	1	253
1	56	1	316
1	56	2	308
1	56	2	489
1	56	2	295
1	56	2	321
1	56	2	342
1	56	1	306
1	56	1	340
1	56	2	221
1	56	2	323
1	56	2	349
1	56	2	359
1	56	2	389
1	56	2	371
1	56	1	245
1	56	2	381
1	56	2	397
1	56	2	301
1	56	2	384
1	56	2	254
1	56	2	362
1	56	2	335
1	56	1	460
1	56	2	320
1	56	2	241
1	56	2	276
1	56	2	300
1	56	2	314
1	56	2	315
1	56	2	314
1	56	2	340
1	56	2	372
1	56	2	362
1	56	2	300
1	56	2	314
1	56	2	307
1	56	2	293
1	56	2	303
1	56	2	369
1	56	2	265
1	56	2	400
1	56	2	255
1	56	2	353
1	56	1	292
1	56	2	318
1	56	2	326
1	56	2	365
1	56	2	271
1	56	2	351
1	56	2	337
1	56	1	369
1	56	2	369
1	56	2	349
1	56	1	309
1	56	2	305
1	56	2	294
1	56	2	379
1	56	2	373
1	56	2	385
1	56	2	441
1	57	2	275
1	57	2	363
1	57	2	393
1	57	2	363
1	57	2	372
1	57	2	335
1	57	2	387
1	57	2	375
1	57	2	444
1	57	2	391
1	57	2	360
1	57	2	396
1	57	2	395
1	57	2	346
1	57	2	436
1	57	2	531
1	57	2	443
1	57	2	365
1	57	2	286
1	57	2	421
1	57	2	392
1	57	2	427
1	57	2	484
1	57	2	377
1	57	2	351
1	57	2	333
1	57	2	352
1	57	2	401
1	57	2	463
1	57	2	380
1	57	2	386
1	57	2	381
1	57	2	364
1	57	2	402
1	57	2	351
1	57	2	410
1	57	2	384
1	57	2	362
1	57	2	299
1	57	2	397
1	57	2	380
1	57	2	368
1	57	2	380
1	57	2	396
1	57	2	397
1	57	2	353
1	57	2	414
1	57	2	303
1	57	2	422
1	57	2	357
1	57	2	353
1	57	2	303
1	57	2	321
1	57	2	362
1	57	2	415
1	57	2	397
1	57	2	414
1	57	2	333
1	57	2	346
1	57	2	350
1	57	2	349
1	57	2	353
1	57	2	362
1	57	2	366
1	57	2	303
1	57	2	398
1	57	2	354
1	57	2	365
1	57	2	329
1	57	2	349
1	57	2	399
1	57	2	315
1	57	2	285
1	57	2	368
1	57	2	385
1	57	2	305
1	57	2	325
1	57	2	364
1	57	2	427
1	57	2	829
1	57	2	329
1	57	2	344
1	57	2	609
1	57	2	345
1	57	2	286
1	57	2	320
1	57	2	275
1	57	2	357
1	57	2	257
1	57	2	191
1	57	1	332
1	57	2	359
1	57	2	357
1	57	2	271
1	57	2	341
1	57	2	314
1	57	2	353
1	57	2	264
1	57	2	303
1	57	2	340
1	57	2	336
1	57	2	427
1	57	2	439
1	57	1	330
1	57	2	430
1	57	1	460
1	57	2	412
1	57	2	335
1	57	2	340
1	57	2	307
1	57	2	355
1	57	2	278
1	57	2	338
1	57	2	318
1	57	2	365
1	57	2	289
1	57	2	293
1	57	1	275
1	57	2	272
1	57	2	333
1	57	2	342
1	57	2	399
1	57	2	365
1	57	2	338
1	57	2	350
1	57	2	275
1	57	2	321
1	57	2	333
1	57	2	312
1	57	2	300
1	57	2	268
1	57	2	241
1	57	2	295
1	57	2	385
1	57	2	303
1	57	2	377
1	57	2	258
1	57	2	349
1	57	2	339
1	57	2	450
1	57	2	293
1	57	2	379
1	57	2	323
1	57	2	309
1	58	2	398
1	58	2	393
1	58	2	482
1	58	2	433
1	58	2	317
1	58	2	316
1	58	1	372
1	58	2	333
1	58	2	366
1	58	2	279
1	58	2	336
1	58	2	394
1	58	2	383
1	58	2	396
1	58	2	411
1	58	2	395
1	58	2	462
1	58	2	460
1	58	2	417
1	58	2	461
1	58	2	397
1	58	2	344
1	58	2	322
1	58	2	368
1	58	2	364
1	58	2	364
1	58	1	383
1	58	2	388
1	58	2	381
1	58	2	365
1	58	1	333
1	58	2	405
1	58	2	396
1	58	2	408
1	58	1	365
1	58	2	369
1	58	2	345
1	58	2	318
1	58	2	361
1	58	2	374
1	58	2	337
1	58	2	387
1	58	2	331
1	58	2	409
1	58	2	362
1	58	2	370
1	58	2	357
1	58	2	427
1	58	2	377
1	58	2	446
1	58	2	435
1	58	2	302
1	58	2	337
1	58	2	438
1	58	2	404
1	58	2	357
1	58	2	473
1	58	2	335
1	58	2	320
1	58	2	382
1	58	2	378
1	58	2	376
1	58	2	410
1	58	2	401
1	58	2	379
1	58	2	295
1	58	2	347
1	58	2	347
1	58	2	336
1	58	2	331
1	58	2	380
1	58	2	285
1	58	2	347
1	58	2	348
1	58	2	314
1	58	2	263
1	58	2	319
1	58	2	335
1	58	2	332
1	58	2	433
1	58	2	576
1	58	2	344
1	58	2	423
1	58	2	454
1	58	1	243
1	58	2	370
1	58	2	257
1	58	2	350
1	58	2	228
1	58	2	302
1	58	2	328
1	58	2	315
1	58	2	312
1	58	2	287
1	58	2	331
1	58	2	384
1	58	2	290
1	58	2	287
1	58	2	328
1	58	2	258
1	58	2	296
1	58	2	389
1	58	2	430
1	58	2	264
1	58	2	330
1	58	2	350
1	58	2	367
1	58	1	261
1	58	2	255
1	58	2	452
1	58	2	315
1	58	2	317
1	58	2	473
1	58	2	299
1	58	2	346
1	58	2	316
1	58	2	535
1	58	2	300
1	58	2	334
1	58	2	332
1	58	2	328
1	58	2	320
1	58	2	321
1	58	1	241
1	58	2	202
1	58	2	301
1	58	2	361
1	58	2	307
1	58	2	300
1	58	2	344
1	58	2	347
1	58	2	346
1	58	2	351
1	58	2	268
1	58	2	324
1	58	1	279
1	59	2	410
1	59	2	388
1	59	1	302
1	59	2	333
1	59	2	394
1	59	2	345
1	59	2	495
1	59	2	423
1	59	2	378
1	59	2	365
1	59	2	463
1	59	2	333
1	59	2	347
1	59	2	345
1	59	2	340
1	59	2	409
1	59	2	445
1	59	1	241
1	59	2	370
1	59	2	348
1	59	2	370
1	59	2	396
1	59	2	301
1	59	2	385
1	59	2	380
1	59	2	301
1	59	2	333
1	59	2	353
1	59	2	380
1	59	2	347
1	59	2	331
1	59	2	398
1	59	2	386
1	59	2	346
1	59	2	204
1	59	2	362
1	59	1	306
1	59	2	361
1	59	2	363
1	59	2	314
1	59	2	347
1	59	2	402
1	59	2	390
1	59	2	484
1	59	2	290
1	59	2	270
1	59	1	324
1	59	2	354
1	59	2	381
1	59	2	398
1	59	2	424
1	59	2	286
1	59	2	428
1	59	2	322
1	59	2	329
1	59	2	330
1	59	2	340
1	59	2	304
1	59	2	296
1	59	2	331
1	59	2	239
1	59	2	295
1	59	2	287
1	59	2	304
1	59	2	310
1	59	2	252
1	59	2	291
1	59	2	259
1	59	2	282
1	59	2	414
1	59	2	320
1	59	2	351
1	59	2	412
1	59	2	316
1	59	2	340
1	59	2	258
1	59	2	301
1	59	1	373
1	59	2	350
1	59	2	350
1	59	2	324
1	59	2	298
1	59	2	287
1	59	2	315
1	59	2	332
1	59	2	290
1	59	2	355
1	59	2	286
1	59	2	290
1	59	2	324
1	59	2	371
1	59	2	325
1	59	2	320
1	59	2	321
1	59	2	386
1	59	2	318
1	59	2	304
1	59	2	258
1	59	2	369
1	59	2	358
1	59	1	335
1	59	2	339
1	60	2	333
1	60	2	428
1	60	2	411
1	60	2	277
1	60	2	417
1	60	2	360
1	60	2	379
1	60	2	411
1	60	2	447
1	60	2	383
1	60	2	335
1	60	2	350
1	60	2	409
1	60	1	376
1	60	2	351
1	60	2	360
1	60	2	483
1	60	2	395
1	60	2	385
1	60	2	401
1	60	2	577
1	60	2	411
1	60	2	388
1	60	2	318
1	60	2	359
1	60	2	366
1	60	2	279
1	60	2	320
1	60	2	348
1	60	2	447
1	60	2	334
1	60	2	346
1	60	2	335
1	60	2	283
1	60	2	419
1	60	2	379
1	60	2	367
1	60	2	351
1	60	2	332
1	60	2	355
1	60	2	363
1	60	2	220
1	60	2	323
1	60	2	345
1	60	2	253
1	60	2	236
1	60	2	253
1	60	2	320
1	60	1	337
1	60	2	353
1	60	2	367
1	60	2	442
1	60	2	411
1	60	2	322
1	60	2	732
1	60	2	242
1	60	2	321
1	60	2	308
1	60	2	304
1	60	1	311
1	60	2	286
1	60	2	405
1	60	2	291
1	60	2	296
1	60	2	278
1	60	2	259
1	60	2	347
1	60	2	289
1	60	1	340
1	60	2	359
1	60	2	263
1	60	2	241
1	60	2	327
1	60	2	344
1	60	2	268
1	60	2	311
1	60	2	245
1	60	2	327
1	60	1	376
1	60	2	325
1	60	2	484
1	60	2	360
1	60	2	350
1	60	2	338
1	61	1	283
1	61	2	385
1	61	2	401
1	61	1	365
1	61	2	350
1	61	2	367
1	61	2	329
1	61	2	314
1	61	2	430
1	61	2	334
1	61	2	389
1	61	2	405
1	61	2	337
1	61	2	376
1	61	2	395
1	61	2	385
1	61	2	334
1	61	2	444
1	61	2	400
1	61	2	284
1	61	2	319
1	61	2	368
1	61	2	397
1	61	2	336
1	61	2	353
1	61	2	365
1	61	2	446
1	61	2	448
1	61	2	330
1	61	2	429
1	61	2	370
1	61	2	480
1	61	2	297
1	61	2	335
1	61	2	395
1	61	2	313
1	61	2	321
1	61	2	391
1	61	2	395
1	61	2	337
1	61	2	397
1	61	2	369
1	61	2	270
1	61	2	283
1	61	2	377
1	61	2	451
1	61	2	330
1	61	2	378
1	61	2	325
1	61	2	226
1	61	2	224
1	61	2	283
1	61	2	326
1	61	2	262
1	61	2	307
1	61	2	339
1	61	2	341
1	61	2	304
1	61	2	292
1	61	2	338
1	61	2	327
1	61	2	254
1	61	2	335
1	61	2	322
1	61	2	304
1	61	2	291
1	61	2	316
1	61	2	340
1	61	2	276
1	61	1	281
1	61	2	292
1	61	2	298
1	61	1	277
1	61	2	329
1	61	2	303
1	61	2	332
1	61	2	372
1	61	2	384
1	61	2	318
1	62	2	448
1	62	2	344
1	62	2	400
1	62	2	479
1	62	2	313
1	62	2	351
1	62	2	331
1	62	2	334
1	62	2	346
1	62	2	446
1	62	2	352
1	62	2	369
1	62	2	352
1	62	2	319
1	62	2	460
1	62	2	334
1	62	2	352
1	62	2	369
1	62	2	412
1	62	2	380
1	62	2	333
1	62	2	419
1	62	2	401
1	62	2	347
1	62	2	333
1	62	2	316
1	62	2	345
1	62	2	451
1	62	2	362
1	62	2	357
1	62	2	342
1	62	2	285
1	62	1	274
1	62	2	335
1	62	2	285
1	62	2	386
1	62	2	284
1	62	2	275
1	62	2	272
1	62	2	260
1	62	2	318
1	62	2	348
1	62	2	225
1	62	2	340
1	62	2	349
1	62	2	367
1	62	2	316
1	62	2	335
1	62	2	351
1	62	2	348
1	62	2	320
1	62	2	298
1	62	2	353
1	62	2	278
1	62	2	343
1	62	2	335
1	62	2	375
1	62	2	327
1	62	2	335
1	63	2	330
1	63	2	345
1	63	2	305
1	63	2	361
1	63	2	344
1	63	2	373
1	63	2	368
1	63	2	400
1	63	2	369
1	63	2	331
1	63	2	366
1	63	2	379
1	63	2	331
1	63	2	301
1	63	2	450
1	63	2	304
1	63	2	222
1	63	2	317
1	63	2	527
1	63	2	301
1	63	2	282
1	63	2	250
1	63	2	189
1	63	2	277
1	63	2	242
1	63	2	306
1	63	2	290
1	63	2	378
1	63	2	280
1	63	2	303
1	63	2	290
1	63	2	274
1	63	2	311
1	63	2	368
1	63	2	409
1	64	2	329
1	64	2	410
1	64	2	384
1	64	2	331
1	64	2	310
1	64	2	383
1	64	2	394
1	64	2	346
1	64	2	436
1	64	2	313
1	64	2	356
1	64	2	270
1	64	2	288
1	64	2	354
1	64	2	367
1	64	2	410
1	64	2	298
1	64	2	419
1	64	2	349
1	64	2	295
1	64	2	376
1	64	2	410
1	64	2	427
1	64	2	289
1	64	1	265
1	64	2	236
1	64	2	305
1	64	2	431
1	64	2	384
1	64	2	364
1	64	2	270
1	64	2	317
1	64	2	453
1	64	2	369
1	64	2	417
1	65	2	432
1	65	2	425
1	65	2	349
1	65	2	336
1	65	2	352
1	65	2	353
1	65	2	304
1	65	2	319
1	65	2	265
1	65	2	286
1	65	2	338
1	65	2	408
1	65	2	311
1	65	2	356
1	65	2	384
1	65	2	363
1	65	2	288
1	65	2	333
1	65	2	307
1	65	2	289
1	65	2	302
1	65	2	333
1	65	2	358
1	65	2	288
1	65	2	284
1	65	2	284
1	65	2	297
1	65	2	330
1	66	2	344
1	66	2	413
1	66	2	350
1	66	2	374
1	66	2	337
1	66	2	472
1	66	2	248
1	66	2	345
1	66	2	314
1	66	2	409
1	66	2	283
1	66	2	261
1	66	2	333
1	66	1	261
1	66	2	351
1	66	2	361
